-- Generated by Craft v2.6.3012 on Apr 10, 2018, 2:06:57 AM.

--
-- Disable foreign key checks and autocommit.
--

SET FOREIGN_KEY_CHECKS = 0;
SET SQL_MODE = "NO_AUTO_VALUE_ON_ZERO";
SET AUTOCOMMIT = 0;
SET NAMES utf8;


DROP TABLE IF EXISTS `craft_amnav_navs`;


--
-- Schema for table `craft_amnav_navs`
--
CREATE TABLE `craft_amnav_navs` (
  `id` int(11) NOT NULL AUTO_INCREMENT,
  `name` varchar(255) COLLATE utf8_unicode_ci NOT NULL,
  `handle` varchar(255) COLLATE utf8_unicode_ci NOT NULL,
  `settings` text COLLATE utf8_unicode_ci,
  `dateCreated` datetime NOT NULL,
  `dateUpdated` datetime NOT NULL,
  `uid` char(36) COLLATE utf8_unicode_ci NOT NULL DEFAULT '0',
  PRIMARY KEY (`id`),
  UNIQUE KEY `craft_amnav_navs_handle_unq_idx` (`handle`)
) ENGINE=InnoDB AUTO_INCREMENT=3 DEFAULT CHARSET=utf8 COLLATE=utf8_unicode_ci;

--
-- Data for table `craft_amnav_navs`
--

INSERT INTO `craft_amnav_navs` (`id`, `name`, `handle`, `settings`, `dateCreated`, `dateUpdated`, `uid`) VALUES
 ('1', 'Primary Nav', 'primaryNav', '{\"entrySources\":\"*\",\"maxLevels\":\"\",\"canMoveFromLevel\":\"\",\"canDeleteFromLevel\":\"\"}', '2018-03-15 18:56:19', '2018-03-15 18:56:19', 'd37c05d5-02e5-4912-972d-62c98a291a1c'),
 ('2', 'Secondary Nav', 'secondaryNav', '{\"entrySources\":\"*\",\"maxLevels\":\"\",\"canMoveFromLevel\":\"\",\"canDeleteFromLevel\":\"\"}', '2018-03-15 18:56:25', '2018-03-15 18:56:25', 'd74fe7ef-4489-4975-8172-fd7c54e05234');



DROP TABLE IF EXISTS `craft_amnav_nodes`;


--
-- Schema for table `craft_amnav_nodes`
--
CREATE TABLE `craft_amnav_nodes` (
  `id` int(11) NOT NULL AUTO_INCREMENT,
  `navId` int(10) NOT NULL,
  `parentId` int(10) DEFAULT NULL,
  `order` int(10) DEFAULT '0',
  `name` varchar(255) COLLATE utf8_unicode_ci NOT NULL,
  `url` varchar(255) COLLATE utf8_unicode_ci DEFAULT NULL,
  `listClass` varchar(255) COLLATE utf8_unicode_ci DEFAULT NULL,
  `blank` tinyint(1) unsigned NOT NULL DEFAULT '0',
  `enabled` tinyint(1) unsigned NOT NULL DEFAULT '1',
  `elementId` int(10) DEFAULT NULL,
  `elementType` varchar(255) COLLATE utf8_unicode_ci DEFAULT NULL,
  `locale` char(12) COLLATE utf8_unicode_ci DEFAULT NULL,
  `dateCreated` datetime NOT NULL,
  `dateUpdated` datetime NOT NULL,
  `uid` char(36) COLLATE utf8_unicode_ci NOT NULL DEFAULT '0',
  PRIMARY KEY (`id`),
  KEY `craft_amnav_nodes_elementId_elementType_locale_idx` (`elementId`,`elementType`,`locale`)
) ENGINE=InnoDB AUTO_INCREMENT=9 DEFAULT CHARSET=utf8 COLLATE=utf8_unicode_ci;

--
-- Data for table `craft_amnav_nodes`
--

INSERT INTO `craft_amnav_nodes` (`id`, `navId`, `parentId`, `order`, `name`, `url`, `listClass`, `blank`, `enabled`, `elementId`, `elementType`, `locale`, `dateCreated`, `dateUpdated`, `uid`) VALUES
 ('1', '1', '0', '0', 'Visit', NULL, '', '0', '1', '20', 'Entry', 'en_us', '2018-03-22 20:27:12', '2018-03-22 20:31:25', '0ee4b30e-6110-4157-b389-95b3360ae4a8'),
 ('2', '1', '0', '1', 'Support', NULL, NULL, '0', '1', '19', 'Entry', 'en_us', '2018-03-22 20:27:18', '2018-03-22 20:27:18', 'a442060c-014d-425c-9a2f-bb576577016c'),
 ('3', '1', '0', '2', 'Collections And Resources', NULL, NULL, '0', '1', '14', 'Entry', 'en_us', '2018-03-22 20:27:26', '2018-03-22 20:27:26', '25645d05-8c93-41e8-ba22-d1aa689b5902'),
 ('4', '1', '0', '3', 'About Us', NULL, '', '0', '1', '13', 'Entry', 'en_us', '2018-03-22 20:27:34', '2018-04-05 20:30:22', 'adb18aab-ab9b-4a85-a87f-28efb2405a1c'),
 ('5', '1', '0', '4', 'Shop', NULL, NULL, '0', '1', '18', 'Entry', 'en_us', '2018-03-22 20:27:46', '2018-03-22 20:27:46', 'e0dab9a3-22ae-43b7-a8ef-f407953236d4'),
 ('6', '2', '0', '0', 'Join', NULL, NULL, '0', '1', '16', 'Entry', 'en_us', '2018-03-22 20:28:11', '2018-03-22 20:28:11', 'c4ed5117-dc15-449c-b93d-65c6914bf395'),
 ('7', '2', '0', '1', 'Give', NULL, '', '0', '1', '15', 'Entry', 'en_us', '2018-03-22 20:28:19', '2018-03-22 20:31:11', '4ed02d6f-ca65-478b-8c88-fb4afb97e074'),
 ('8', '2', '0', '2', 'Learn', NULL, '', '0', '1', '14', 'Entry', 'en_us', '2018-03-22 20:29:07', '2018-03-22 20:30:31', '318f9c4f-7016-4cb2-b6d2-13cef938d71a');



DROP TABLE IF EXISTS `craft_assetfiles`;


--
-- Schema for table `craft_assetfiles`
--
CREATE TABLE `craft_assetfiles` (
  `id` int(11) NOT NULL,
  `sourceId` int(11) DEFAULT NULL,
  `folderId` int(11) NOT NULL,
  `filename` varchar(255) COLLATE utf8_unicode_ci NOT NULL,
  `kind` varchar(50) COLLATE utf8_unicode_ci NOT NULL DEFAULT 'unknown',
  `width` int(11) unsigned DEFAULT NULL,
  `height` int(11) unsigned DEFAULT NULL,
  `size` bigint(20) unsigned DEFAULT NULL,
  `dateModified` datetime DEFAULT NULL,
  `dateCreated` datetime NOT NULL,
  `dateUpdated` datetime NOT NULL,
  `uid` char(36) COLLATE utf8_unicode_ci NOT NULL DEFAULT '0',
  PRIMARY KEY (`id`),
  UNIQUE KEY `craft_assetfiles_filename_folderId_unq_idx` (`filename`,`folderId`),
  KEY `craft_assetfiles_sourceId_fk` (`sourceId`),
  KEY `craft_assetfiles_folderId_fk` (`folderId`)
) ENGINE=InnoDB DEFAULT CHARSET=utf8 COLLATE=utf8_unicode_ci;

--
-- Data for table `craft_assetfiles`
--

INSERT INTO `craft_assetfiles` (`id`, `sourceId`, `folderId`, `filename`, `kind`, `width`, `height`, `size`, `dateModified`, `dateCreated`, `dateUpdated`, `uid`) VALUES
 ('44', '1', '1', 'secondary.png', 'image', '376', '118', '66597', '2018-03-22 22:59:27', '2018-03-22 22:59:27', '2018-03-22 22:59:27', 'd8017ba8-7768-4553-8170-95b68b139ea9'),
 ('45', '1', '1', 'primary.png', 'image', '614', '126', '104493', '2018-03-22 23:01:42', '2018-03-22 23:01:42', '2018-03-22 23:01:42', 'e6839fdd-97d6-41ed-8faf-c9c30700a298'),
 ('46', '1', '1', 'newheadshot-square.jpg', 'image', '500', '500', '192441', '2018-04-05 20:30:02', '2018-04-05 20:30:02', '2018-04-05 20:30:02', 'da055c4b-0645-44c9-bbeb-9886005b4769');



DROP TABLE IF EXISTS `craft_assetfolders`;


--
-- Schema for table `craft_assetfolders`
--
CREATE TABLE `craft_assetfolders` (
  `id` int(11) NOT NULL AUTO_INCREMENT,
  `parentId` int(11) DEFAULT NULL,
  `sourceId` int(11) DEFAULT NULL,
  `name` varchar(255) COLLATE utf8_unicode_ci NOT NULL,
  `path` varchar(255) COLLATE utf8_unicode_ci DEFAULT NULL,
  `dateCreated` datetime NOT NULL,
  `dateUpdated` datetime NOT NULL,
  `uid` char(36) COLLATE utf8_unicode_ci NOT NULL DEFAULT '0',
  PRIMARY KEY (`id`),
  UNIQUE KEY `craft_assetfolders_name_parentId_sourceId_unq_idx` (`name`,`parentId`,`sourceId`),
  KEY `craft_assetfolders_parentId_fk` (`parentId`),
  KEY `craft_assetfolders_sourceId_fk` (`sourceId`)
) ENGINE=InnoDB AUTO_INCREMENT=9 DEFAULT CHARSET=utf8 COLLATE=utf8_unicode_ci;

--
-- Data for table `craft_assetfolders`
--

INSERT INTO `craft_assetfolders` (`id`, `parentId`, `sourceId`, `name`, `path`, `dateCreated`, `dateUpdated`, `uid`) VALUES
 ('1', NULL, '1', 'Globals', '', '2018-03-15 18:49:27', '2018-03-15 18:49:27', 'c901685a-039b-4e66-b434-a651fed8aaae'),
 ('3', NULL, '3', 'Channels', '', '2018-03-22 20:50:34', '2018-03-22 20:50:34', '79622c56-c4ba-48c0-8271-ec84f7ae3124'),
 ('4', NULL, '4', 'Specific', '', '2018-03-22 20:51:15', '2018-03-22 20:51:15', '10eeca79-df26-4136-a2cf-5c6fa88f902a'),
 ('5', NULL, NULL, 'Temporary source', NULL, '2018-03-22 20:53:13', '2018-03-22 20:53:13', '25b4cbfc-7c0c-4cd5-bef0-e6de5231ba2d'),
 ('6', '5', NULL, 'user_1', 'user_1/', '2018-03-22 20:53:13', '2018-03-22 20:53:13', 'f1b844f5-c4f6-4810-9758-73355d02e9ce'),
 ('7', '6', NULL, 'field_10', 'user_1/field_10/', '2018-03-22 20:53:13', '2018-03-22 20:53:13', 'd99983c2-a4c0-4c51-91f9-8ddcda4b3357'),
 ('8', '1', '1', 'logos', 'logos/', '2018-03-22 20:55:20', '2018-03-22 20:55:20', '6bdf7b7f-21ed-4d1e-91f4-c5209311e94d');



DROP TABLE IF EXISTS `craft_assetindexdata`;


--
-- Schema for table `craft_assetindexdata`
--
CREATE TABLE `craft_assetindexdata` (
  `id` int(11) NOT NULL AUTO_INCREMENT,
  `sessionId` varchar(36) COLLATE utf8_unicode_ci NOT NULL DEFAULT '',
  `sourceId` int(10) NOT NULL,
  `offset` int(10) NOT NULL,
  `uri` varchar(255) COLLATE utf8_unicode_ci DEFAULT NULL,
  `size` varchar(255) COLLATE utf8_unicode_ci DEFAULT NULL,
  `recordId` int(10) DEFAULT NULL,
  `dateCreated` datetime NOT NULL,
  `dateUpdated` datetime NOT NULL,
  `uid` char(36) COLLATE utf8_unicode_ci NOT NULL DEFAULT '0',
  PRIMARY KEY (`id`),
  UNIQUE KEY `craft_assetindexdata_sessionId_sourceId_offset_unq_idx` (`sessionId`,`sourceId`,`offset`),
  KEY `craft_assetindexdata_sourceId_fk` (`sourceId`)
) ENGINE=InnoDB DEFAULT CHARSET=utf8 COLLATE=utf8_unicode_ci;

DROP TABLE IF EXISTS `craft_assetsources`;


--
-- Schema for table `craft_assetsources`
--
CREATE TABLE `craft_assetsources` (
  `id` int(11) NOT NULL AUTO_INCREMENT,
  `name` varchar(255) COLLATE utf8_unicode_ci NOT NULL,
  `handle` varchar(255) COLLATE utf8_unicode_ci NOT NULL,
  `type` varchar(150) COLLATE utf8_unicode_ci NOT NULL,
  `settings` text COLLATE utf8_unicode_ci,
  `sortOrder` smallint(6) unsigned DEFAULT NULL,
  `fieldLayoutId` int(10) DEFAULT NULL,
  `dateCreated` datetime NOT NULL,
  `dateUpdated` datetime NOT NULL,
  `uid` char(36) COLLATE utf8_unicode_ci NOT NULL DEFAULT '0',
  PRIMARY KEY (`id`),
  UNIQUE KEY `craft_assetsources_name_unq_idx` (`name`),
  UNIQUE KEY `craft_assetsources_handle_unq_idx` (`handle`),
  KEY `craft_assetsources_fieldLayoutId_fk` (`fieldLayoutId`)
) ENGINE=InnoDB AUTO_INCREMENT=5 DEFAULT CHARSET=utf8 COLLATE=utf8_unicode_ci;

--
-- Data for table `craft_assetsources`
--

INSERT INTO `craft_assetsources` (`id`, `name`, `handle`, `type`, `settings`, `sortOrder`, `fieldLayoutId`, `dateCreated`, `dateUpdated`, `uid`) VALUES
 ('1', 'Globals', 'globals', 'Local', '{\"path\":\"assets\\/img\\/uploads\\/global\\/\",\"publicURLs\":\"1\",\"url\":\"{baseUrl}\\/assets\\/img\\/uploads\\/global\\/\"}', '1', '74', '2018-03-15 18:49:27', '2018-03-22 20:56:49', '30495b89-962f-4ab5-9f47-e74933f06b34'),
 ('3', 'Channels', 'channels', 'Local', '{\"path\":\"assets\\/img\\/uploads\\/channel\\/\",\"publicURLs\":\"1\",\"url\":\"{baseUrl}\\/assets\\/img\\/uploads\\/channel\\/\"}', '2', '75', '2018-03-22 20:50:34', '2018-03-22 20:56:55', '7afedc9f-3e0e-4d0e-a75e-383d7825730e'),
 ('4', 'Specific', 'specific', 'Local', '{\"path\":\"assets\\/img\\/uploads\\/specific\\/\",\"publicURLs\":\"1\",\"url\":\"{baseUrl}\\/assets\\/img\\/uploads\\/specific\\/\"}', '3', '71', '2018-03-22 20:51:15', '2018-03-22 20:51:15', 'd7c9397e-0a01-4676-860f-65b3576aaef6');



DROP TABLE IF EXISTS `craft_assettransformindex`;


--
-- Schema for table `craft_assettransformindex`
--
CREATE TABLE `craft_assettransformindex` (
  `id` int(11) NOT NULL AUTO_INCREMENT,
  `fileId` int(11) NOT NULL,
  `filename` varchar(255) COLLATE utf8_unicode_ci DEFAULT NULL,
  `format` varchar(255) COLLATE utf8_unicode_ci DEFAULT NULL,
  `location` varchar(255) COLLATE utf8_unicode_ci NOT NULL,
  `sourceId` int(11) DEFAULT NULL,
  `fileExists` tinyint(1) DEFAULT NULL,
  `inProgress` tinyint(1) DEFAULT NULL,
  `dateIndexed` datetime DEFAULT NULL,
  `dateCreated` datetime NOT NULL,
  `dateUpdated` datetime NOT NULL,
  `uid` char(36) COLLATE utf8_unicode_ci NOT NULL DEFAULT '0',
  PRIMARY KEY (`id`),
  KEY `craft_assettransformindex_sourceId_fileId_location_idx` (`sourceId`,`fileId`,`location`)
) ENGINE=InnoDB DEFAULT CHARSET=utf8 COLLATE=utf8_unicode_ci;

DROP TABLE IF EXISTS `craft_assettransforms`;


--
-- Schema for table `craft_assettransforms`
--
CREATE TABLE `craft_assettransforms` (
  `id` int(11) NOT NULL AUTO_INCREMENT,
  `name` varchar(255) COLLATE utf8_unicode_ci NOT NULL,
  `handle` varchar(255) COLLATE utf8_unicode_ci NOT NULL,
  `mode` enum('stretch','fit','crop') COLLATE utf8_unicode_ci NOT NULL DEFAULT 'crop',
  `position` enum('top-left','top-center','top-right','center-left','center-center','center-right','bottom-left','bottom-center','bottom-right') COLLATE utf8_unicode_ci NOT NULL DEFAULT 'center-center',
  `height` int(10) DEFAULT NULL,
  `width` int(10) DEFAULT NULL,
  `format` varchar(255) COLLATE utf8_unicode_ci DEFAULT NULL,
  `quality` int(10) DEFAULT NULL,
  `dimensionChangeTime` datetime DEFAULT NULL,
  `dateCreated` datetime NOT NULL,
  `dateUpdated` datetime NOT NULL,
  `uid` char(36) COLLATE utf8_unicode_ci NOT NULL DEFAULT '0',
  PRIMARY KEY (`id`),
  UNIQUE KEY `craft_assettransforms_name_unq_idx` (`name`),
  UNIQUE KEY `craft_assettransforms_handle_unq_idx` (`handle`)
) ENGINE=InnoDB AUTO_INCREMENT=2 DEFAULT CHARSET=utf8 COLLATE=utf8_unicode_ci;

--
-- Data for table `craft_assettransforms`
--

INSERT INTO `craft_assettransforms` (`id`, `name`, `handle`, `mode`, `position`, `height`, `width`, `format`, `quality`, `dimensionChangeTime`, `dateCreated`, `dateUpdated`, `uid`) VALUES
 ('1', 'Feature Image', 'featureImage', 'crop', 'center-left', '500', '500', NULL, '82', '2018-03-22 23:04:10', '2018-03-22 23:04:10', '2018-03-22 23:04:10', '334a2ead-0712-4655-bde8-25a044f8444e');



DROP TABLE IF EXISTS `craft_categories`;


--
-- Schema for table `craft_categories`
--
CREATE TABLE `craft_categories` (
  `id` int(11) NOT NULL,
  `groupId` int(11) NOT NULL,
  `dateCreated` datetime NOT NULL,
  `dateUpdated` datetime NOT NULL,
  `uid` char(36) COLLATE utf8_unicode_ci NOT NULL DEFAULT '0',
  PRIMARY KEY (`id`),
  KEY `craft_categories_groupId_fk` (`groupId`)
) ENGINE=InnoDB DEFAULT CHARSET=utf8 COLLATE=utf8_unicode_ci;

--
-- Data for table `craft_categories`
--

INSERT INTO `craft_categories` (`id`, `groupId`, `dateCreated`, `dateUpdated`, `uid`) VALUES
 ('22', '1', '2018-03-22 01:23:32', '2018-03-22 01:23:44', '21fd8d27-7e10-4fb2-9b63-6585feba39c4'),
 ('23', '1', '2018-03-22 01:23:58', '2018-03-22 01:23:58', '35d812e2-f75c-4bcc-9fee-50e2749d47ad'),
 ('24', '1', '2018-03-22 01:24:13', '2018-03-22 01:24:13', 'd331744c-4297-480b-89ae-af0f30ed8e46'),
 ('25', '1', '2018-03-22 01:24:29', '2018-03-22 01:24:29', '9eabb6df-f84e-4fce-9a46-8def1bd074c7'),
 ('26', '1', '2018-03-22 01:24:58', '2018-03-22 01:24:58', 'bacb821e-e026-436b-b77d-4c528a8268d0'),
 ('27', '1', '2018-03-22 01:25:10', '2018-03-22 01:25:10', '213d3a41-e610-4dbb-ab48-951820c3b43e'),
 ('28', '2', '2018-03-22 01:27:44', '2018-03-22 01:27:44', '5485cb08-54b0-4055-9dc2-30cecb13af72'),
 ('29', '2', '2018-03-22 01:27:54', '2018-03-22 01:27:54', '31d0a409-e56d-4ec8-a1a0-99dd007c4cb0'),
 ('30', '2', '2018-03-22 01:28:06', '2018-03-22 01:28:26', '5eb6a875-658e-4af2-afc5-2d936e754f13'),
 ('31', '2', '2018-03-22 01:28:16', '2018-03-22 01:28:33', '47f9d0ae-424d-4756-8209-4716becfe4c2'),
 ('32', '2', '2018-03-22 01:28:48', '2018-03-22 01:28:48', '66eaca04-a130-44fd-ab78-561e1f9e5cb7'),
 ('33', '2', '2018-03-22 01:28:57', '2018-03-22 01:28:57', '92f941c7-5566-4fa2-914d-3d6b169b232d'),
 ('34', '2', '2018-03-22 01:29:14', '2018-03-22 01:29:14', '8748424d-c18d-4e1d-a66b-dd3da946b1c8'),
 ('35', '2', '2018-03-22 01:29:38', '2018-03-22 01:29:38', '8e78372c-6d34-4a87-8ecc-76d44d3c0541'),
 ('36', '3', '2018-03-22 20:20:17', '2018-03-22 20:20:17', '30c08faf-3ef4-4cea-9ccd-1b5523c3311b'),
 ('37', '3', '2018-03-22 20:20:41', '2018-03-22 20:30:43', '8d296fd8-6e62-4852-bbaf-57883efed8a2'),
 ('38', '3', '2018-03-22 20:21:05', '2018-03-22 20:21:05', '3ba74df4-5aeb-46ea-b88c-91d6d6b32acd'),
 ('39', '3', '2018-03-22 20:21:28', '2018-03-22 20:21:28', '666b10bd-27a2-4285-b037-0883f8faf2c3'),
 ('40', '3', '2018-03-22 20:23:15', '2018-03-22 20:23:15', 'b432026d-5294-40dc-a172-e37a3fb9b561'),
 ('41', '3', '2018-03-22 20:27:30', '2018-03-22 20:27:30', '116ec255-df6d-4c82-ae7e-72f74122f98c'),
 ('42', '3', '2018-03-22 20:29:45', '2018-03-22 20:29:45', '53e14c5c-19a7-4b45-96c5-fde66d5d4533');



DROP TABLE IF EXISTS `craft_categorygroups`;


--
-- Schema for table `craft_categorygroups`
--
CREATE TABLE `craft_categorygroups` (
  `id` int(11) NOT NULL AUTO_INCREMENT,
  `structureId` int(11) NOT NULL,
  `fieldLayoutId` int(11) DEFAULT NULL,
  `name` varchar(255) COLLATE utf8_unicode_ci NOT NULL,
  `handle` varchar(255) COLLATE utf8_unicode_ci NOT NULL,
  `hasUrls` tinyint(1) unsigned NOT NULL DEFAULT '1',
  `template` varchar(500) COLLATE utf8_unicode_ci DEFAULT NULL,
  `dateCreated` datetime NOT NULL,
  `dateUpdated` datetime NOT NULL,
  `uid` char(36) COLLATE utf8_unicode_ci NOT NULL DEFAULT '0',
  PRIMARY KEY (`id`),
  UNIQUE KEY `craft_categorygroups_name_unq_idx` (`name`),
  UNIQUE KEY `craft_categorygroups_handle_unq_idx` (`handle`),
  KEY `craft_categorygroups_structureId_fk` (`structureId`),
  KEY `craft_categorygroups_fieldLayoutId_fk` (`fieldLayoutId`)
) ENGINE=InnoDB AUTO_INCREMENT=4 DEFAULT CHARSET=utf8 COLLATE=utf8_unicode_ci;

--
-- Data for table `craft_categorygroups`
--

INSERT INTO `craft_categorygroups` (`id`, `structureId`, `fieldLayoutId`, `name`, `handle`, `hasUrls`, `template`, `dateCreated`, `dateUpdated`, `uid`) VALUES
 ('1', '1', '41', 'Event Type', 'eventType', '1', '', '2018-03-22 01:23:02', '2018-03-22 01:23:02', 'f1de1f54-980d-4512-82e7-0019f3e69531'),
 ('2', '2', '42', 'Media Type', 'mediaType', '1', '', '2018-03-22 01:27:25', '2018-03-22 01:27:25', '4001bf3a-ffc6-4577-a9f5-a1e15fc56d3c'),
 ('3', '3', '50', 'Media Category', 'mediaCategory', '1', '', '2018-03-22 20:19:32', '2018-03-22 20:19:32', 'ac37c477-8585-4e8f-867d-0f1aaaafd86e');



DROP TABLE IF EXISTS `craft_categorygroups_i18n`;


--
-- Schema for table `craft_categorygroups_i18n`
--
CREATE TABLE `craft_categorygroups_i18n` (
  `id` int(11) NOT NULL AUTO_INCREMENT,
  `groupId` int(11) NOT NULL,
  `locale` char(12) COLLATE utf8_unicode_ci NOT NULL,
  `urlFormat` text COLLATE utf8_unicode_ci,
  `nestedUrlFormat` text COLLATE utf8_unicode_ci,
  `dateCreated` datetime NOT NULL,
  `dateUpdated` datetime NOT NULL,
  `uid` char(36) COLLATE utf8_unicode_ci NOT NULL DEFAULT '0',
  PRIMARY KEY (`id`),
  UNIQUE KEY `craft_categorygroups_i18n_groupId_locale_unq_idx` (`groupId`,`locale`),
  KEY `craft_categorygroups_i18n_locale_fk` (`locale`)
) ENGINE=InnoDB AUTO_INCREMENT=4 DEFAULT CHARSET=utf8 COLLATE=utf8_unicode_ci;

--
-- Data for table `craft_categorygroups_i18n`
--

INSERT INTO `craft_categorygroups_i18n` (`id`, `groupId`, `locale`, `urlFormat`, `nestedUrlFormat`, `dateCreated`, `dateUpdated`, `uid`) VALUES
 ('1', '1', 'en_us', 'event-type/{slug}', '{parent.uri}/{slug}', '2018-03-22 01:23:02', '2018-03-22 01:23:02', 'bac713cf-f792-4d7c-bf5e-da1688edba58'),
 ('2', '2', 'en_us', 'media-type/{slug}', '{parent.uri}/{slug}', '2018-03-22 01:27:25', '2018-03-22 01:27:25', '69e10e56-ee24-4f87-8b9f-8c6ccfdabe00'),
 ('3', '3', 'en_us', 'media-category/{slug}', '{parent.uri}/{slug}', '2018-03-22 20:19:32', '2018-03-22 20:19:32', '0d74c46a-318d-472e-827e-a52265da9b74');



DROP TABLE IF EXISTS `craft_content`;


--
-- Schema for table `craft_content`
--
CREATE TABLE `craft_content` (
  `id` int(11) NOT NULL AUTO_INCREMENT,
  `elementId` int(11) NOT NULL,
  `locale` char(12) COLLATE utf8_unicode_ci NOT NULL,
  `title` varchar(255) COLLATE utf8_unicode_ci DEFAULT NULL,
  `field_body` text COLLATE utf8_unicode_ci,
  `field_subHeadline` text COLLATE utf8_unicode_ci,
  `field_headline` text COLLATE utf8_unicode_ci,
  `field_daysAndHours` text COLLATE utf8_unicode_ci,
  `field_address` text COLLATE utf8_unicode_ci,
  `field_admissionText` text COLLATE utf8_unicode_ci,
  `field_phone` text COLLATE utf8_unicode_ci,
  `field_aboutBody` text COLLATE utf8_unicode_ci,
  `field_ourHomeBody` text COLLATE utf8_unicode_ci,
  `field_sectionTitle` varchar(55) COLLATE utf8_unicode_ci DEFAULT NULL,
  `field_startTime` datetime DEFAULT NULL,
  `field_endTime` datetime DEFAULT NULL,
  `field_date` datetime DEFAULT NULL,
  `field_imageCaption` text COLLATE utf8_unicode_ci,
  `field_imageAlt` text COLLATE utf8_unicode_ci,
  `field_video` text COLLATE utf8_unicode_ci,
  `field_eventLocation` text COLLATE utf8_unicode_ci,
  `field_specialGuests` text COLLATE utf8_unicode_ci,
  `field_startDate` datetime DEFAULT NULL,
  `field_endDate` datetime DEFAULT NULL,
  `field_forSale` tinyint(1) unsigned NOT NULL DEFAULT '0',
  `field_price` text COLLATE utf8_unicode_ci,
  `field_mediaDescription` text COLLATE utf8_unicode_ci,
  `field_paypalProductId` text COLLATE utf8_unicode_ci,
  `field_metadata` text COLLATE utf8_unicode_ci,
  `dateCreated` datetime NOT NULL,
  `dateUpdated` datetime NOT NULL,
  `uid` char(36) COLLATE utf8_unicode_ci NOT NULL DEFAULT '0',
  PRIMARY KEY (`id`),
  UNIQUE KEY `craft_content_elementId_locale_unq_idx` (`elementId`,`locale`),
  KEY `craft_content_title_idx` (`title`),
  KEY `craft_content_locale_fk` (`locale`)
) ENGINE=InnoDB AUTO_INCREMENT=46 DEFAULT CHARSET=utf8 COLLATE=utf8_unicode_ci;

--
-- Data for table `craft_content`
--

INSERT INTO `craft_content` (`id`, `elementId`, `locale`, `title`, `field_body`, `field_subHeadline`, `field_headline`, `field_daysAndHours`, `field_address`, `field_admissionText`, `field_phone`, `field_aboutBody`, `field_ourHomeBody`, `field_sectionTitle`, `field_startTime`, `field_endTime`, `field_date`, `field_imageCaption`, `field_imageAlt`, `field_video`, `field_eventLocation`, `field_specialGuests`, `field_startDate`, `field_endDate`, `field_forSale`, `field_price`, `field_mediaDescription`, `field_paypalProductId`, `field_metadata`, `dateCreated`, `dateUpdated`, `uid`) VALUES
 ('1', '1', 'en_us', NULL, NULL, NULL, NULL, NULL, NULL, NULL, NULL, NULL, NULL, NULL, NULL, NULL, NULL, NULL, NULL, NULL, NULL, NULL, NULL, NULL, '0', NULL, NULL, NULL, NULL, '2018-01-10 21:34:41', '2018-01-10 21:34:41', 'a43ed2e9-cec5-4e63-b020-3de2262c9aef'),
 ('2', '2', 'en_us', 'Home', '<p>It’s true, this site doesn’t have a whole lot of content yet, but don’t worry. Our web developers have just installed the CMS, and they’re setting things up for the content editors this very moment. Soon Khs.ideabasekent.com will be an oasis of fresh perspectives, sharp analyses, and astute opinions that will keep you coming back again and again.<br /></p>', NULL, 'Test Headline', '[{\"col1\":\"\",\"col2\":\"\"}]', NULL, NULL, NULL, NULL, NULL, NULL, NULL, NULL, NULL, NULL, NULL, NULL, NULL, NULL, NULL, NULL, '0', NULL, NULL, NULL, NULL, '2018-01-10 21:34:43', '2018-03-15 20:18:10', '256e2b42-d3f7-4989-b768-11032d08f5c9'),
 ('3', '3', 'en_us', 'We just installed Craft!', '<p>Craft is the CMS that’s powering Khs.ideabasekent.com. It’s beautiful, powerful, flexible, and easy-to-use, and it’s made by Pixel &amp; Tonic. We can’t wait to dive in and see what it’s capable of!</p>\n<!--pagebreak-->\n<p>This is even more captivating content, which you couldn’t see on the News index page because it was entered after a Page Break, and the News index template only likes to show the content on the first page.</p>\n<p>Craft: a nice alternative to Word, if you’re making a website.</p>', 'This is the subheadline', NULL, NULL, NULL, NULL, NULL, NULL, NULL, NULL, NULL, NULL, NULL, NULL, NULL, NULL, NULL, NULL, NULL, NULL, '0', NULL, NULL, NULL, NULL, '2018-01-10 21:34:43', '2018-03-01 20:41:31', '7333fa38-8475-462f-b553-01d4706432e0'),
 ('4', '4', 'en_us', 'Test', '<p>This is a Test</p>', NULL, NULL, NULL, NULL, NULL, NULL, NULL, NULL, NULL, NULL, NULL, NULL, NULL, NULL, NULL, NULL, NULL, NULL, NULL, '0', NULL, NULL, NULL, NULL, '2018-01-30 21:13:58', '2018-01-30 21:13:58', '83dceb63-646b-47f5-af2a-8c3dc2b74db2'),
 ('5', '5', 'en_us', NULL, NULL, NULL, NULL, NULL, '123 Kent Road Kent, OH 44240', 'Admission is always free!', '3301234567', NULL, NULL, NULL, NULL, NULL, NULL, NULL, NULL, NULL, NULL, NULL, NULL, NULL, '0', NULL, NULL, NULL, NULL, '2018-03-15 18:54:56', '2018-03-22 23:02:01', 'b9950034-be52-4205-99fd-0a552d1cba6d'),
 ('6', '6', 'en_us', NULL, NULL, NULL, NULL, NULL, NULL, NULL, NULL, NULL, NULL, NULL, NULL, NULL, NULL, NULL, NULL, NULL, NULL, NULL, NULL, NULL, '0', NULL, NULL, NULL, NULL, '2018-03-15 18:55:26', '2018-03-22 23:02:09', '61de2d30-156b-4c10-9ee2-0e096c769bcb'),
 ('7', '7', 'en_us', NULL, NULL, NULL, NULL, '[{\"col1\":\"Monday-Friday\",\"col2\":\"8am-5pm\"}]', NULL, NULL, NULL, NULL, NULL, NULL, NULL, NULL, NULL, NULL, NULL, NULL, NULL, NULL, NULL, NULL, '0', NULL, NULL, NULL, NULL, '2018-03-15 18:55:48', '2018-03-15 19:00:16', '0de2f9c7-0fd9-4752-8fc3-01335acb47a7'),
 ('10', '11', 'en_us', 'Test Entry 2', '<p>Contrary to popular belief, Lorem Ipsum is not simply random text. It has roots in a piece of classical Latin literature from 45 BC, making it over 2000 years old. Richard McClintock, a Latin professor at Hampden-Sydney College in Virginia, looked up one of the more obscure Latin words, consectetur, from a Lorem Ipsum passage, and going through the cites of the word in classical literature, discovered the undoubtable source. Lorem Ipsum comes from sections 1.10.32 and 1.10.33 of \"de Finibus Bonorum et Malorum\" (The Extremes of Good and Evil) by Cicero, written in 45 BC. This book is a treatise on the theory of ethics, very popular during the Renaissance. The first line of Lorem Ipsum, \"Lorem ipsum dolor sit amet..\", comes from a line in section 1.10.32.</p>\n<p>The standard chunk of Lorem Ipsum used since the 1500s is reproduced below for those interested. Sections 1.10.32 and 1.10.33 from \"de Finibus Bonorum et Malorum\" by Cicero are also reproduced in their exact original form, accompanied by English versions from the 1914 translation by H. Rackham.</p><p>Contrary to popular belief, Lorem Ipsum is not simply random text. It has roots in a piece of classical Latin literature from 45 BC, making it over 2000 years old. Richard McClintock, a Latin professor at Hampden-Sydney College in Virginia, looked up one of the more obscure Latin words, consectetur, from a Lorem Ipsum passage, and going through the cites of the word in classical literature, discovered the undoubtable source. Lorem Ipsum comes from sections 1.10.32 and 1.10.33 of \"de Finibus Bonorum et Malorum\" (The Extremes of Good and Evil) by Cicero, written in 45 BC. This book is a treatise on the theory of ethics, very popular during the Renaissance. The first line of Lorem Ipsum, \"Lorem ipsum dolor sit amet..\", comes from a line in section 1.10.32.</p>\n<p>The standard chunk of Lorem Ipsum used since the 1500s is reproduced below for those interested. Sections 1.10.32 and 1.10.33 from \"de Finibus Bonorum et Malorum\" by Cicero are also reproduced in their exact original form, accompanied by English versions from the 1914 translation by H. Rackham.</p>', 'This is the second test entry.', NULL, NULL, NULL, NULL, NULL, NULL, NULL, NULL, NULL, NULL, NULL, NULL, NULL, NULL, NULL, NULL, NULL, NULL, '0', NULL, NULL, NULL, NULL, '2018-03-15 20:13:12', '2018-03-15 20:13:12', '2271901b-9746-4287-b121-9eb6220fdcf1'),
 ('11', '12', 'en_us', 'Test Entry 3', '<p>Contrary to popular belief, Lorem Ipsum is not simply random text. It has roots in a piece of classical Latin literature from 45 BC, making it over 2000 years old. Richard McClintock, a Latin professor at Hampden-Sydney College in Virginia, looked up one of the more obscure Latin words, consectetur, from a Lorem Ipsum passage, and going through the cites of the word in classical literature, discovered the undoubtable source. Lorem Ipsum comes from sections 1.10.32 and 1.10.33 of \"de Finibus Bonorum et Malorum\" (The Extremes of Good and Evil) by Cicero, written in 45 BC. This book is a treatise on the theory of ethics, very popular during the Renaissance. The first line of Lorem Ipsum, \"Lorem ipsum dolor sit amet..\", comes from a line in section 1.10.32.</p>\n<p>The standard chunk of Lorem Ipsum used since the 1500s is reproduced below for those interested. Sections 1.10.32 and 1.10.33 from \"de Finibus Bonorum et Malorum\" by Cicero are also reproduced in their exact original form, accompanied by English versions from the 1914 translation by H. Rackham.</p><p>Contrary to popular belief, Lorem Ipsum is not simply random text. It has roots in a piece of classical Latin literature from 45 BC, making it over 2000 years old. Richard McClintock, a Latin professor at Hampden-Sydney College in Virginia, looked up one of the more obscure Latin words, consectetur, from a Lorem Ipsum passage, and going through the cites of the word in classical literature, discovered the undoubtable source. Lorem Ipsum comes from sections 1.10.32 and 1.10.33 of \"de Finibus Bonorum et Malorum\" (The Extremes of Good and Evil) by Cicero, written in 45 BC. This book is a treatise on the theory of ethics, very popular during the Renaissance. The first line of Lorem Ipsum, \"Lorem ipsum dolor sit amet..\", comes from a line in section 1.10.32.</p>\n<p>The standard chunk of Lorem Ipsum used since the 1500s is reproduced below for those interested. Sections 1.10.32 and 1.10.33 from \"de Finibus Bonorum et Malorum\" by Cicero are also reproduced in their exact original form, accompanied by English versions from the 1914 translation by H. Rackham.</p>', 'This is the third test entry.', NULL, NULL, NULL, NULL, NULL, NULL, NULL, NULL, NULL, NULL, NULL, NULL, NULL, NULL, NULL, NULL, NULL, NULL, '0', NULL, NULL, NULL, NULL, '2018-03-15 20:13:39', '2018-03-15 20:13:39', '43812662-5fc1-4a3b-804f-e0cedff5c409'),
 ('12', '13', 'en_us', 'About Page', NULL, NULL, NULL, NULL, NULL, NULL, NULL, 'fdsfdsfdsfds', NULL, NULL, NULL, NULL, NULL, NULL, NULL, NULL, NULL, NULL, NULL, NULL, '0', NULL, NULL, NULL, '{\"id\":null,\"enabled\":1,\"archived\":0,\"locale\":\"en_us\",\"localeEnabled\":1,\"slug\":null,\"uri\":null,\"dateCreated\":null,\"dateUpdated\":null,\"root\":null,\"lft\":null,\"rgt\":null,\"level\":null,\"searchScore\":null,\"elementId\":0,\"metaType\":\"template\",\"metaPath\":\"\",\"seoMainEntityCategory\":\"CreativeWork\",\"seoMainEntityOfPage\":\"WebPage\",\"seoTitle\":\"About Page\",\"seoDescription\":\"About Page\",\"seoKeywords\":\"\",\"seoImageTransform\":\"\",\"seoFacebookImageTransform\":\"\",\"seoTwitterImageTransform\":\"\",\"twitterCardType\":\"\",\"openGraphType\":\"\",\"robots\":\"\",\"seoImageId\":\"46\",\"seoTwitterImageId\":\"\",\"seoFacebookImageId\":\"\",\"seoTitleUnparsed\":\"About Page\",\"seoDescriptionUnparsed\":\"About Page\",\"seoKeywordsUnparsed\":\"\",\"seoTitleSource\":\"field\",\"seoTitleSourceField\":\"title\",\"seoDescriptionSource\":\"field\",\"seoDescriptionSourceField\":\"title\",\"seoKeywordsSource\":\"custom\",\"seoKeywordsSourceField\":\"title\",\"seoImageIdSource\":\"field\",\"seoImageIdSourceField\":\"featureImage\",\"seoTwitterImageIdSource\":\"custom\",\"seoTwitterImageIdSourceField\":\"featureImage\",\"seoFacebookImageIdSource\":\"custom\",\"seoFacebookImageIdSourceField\":\"featureImage\",\"seoCommerceVariants\":null,\"__model__\":\"Craft\\\\Seomatic_MetaFieldModel\"}', '2018-03-21 00:15:28', '2018-04-05 20:30:22', '39e2f897-1933-47cb-8381-81442a64e274'),
 ('13', '14', 'en_us', 'Collections And Resources', NULL, NULL, NULL, NULL, NULL, NULL, NULL, NULL, NULL, NULL, NULL, NULL, NULL, NULL, NULL, NULL, NULL, NULL, NULL, NULL, '0', NULL, NULL, NULL, NULL, '2018-03-21 00:20:26', '2018-03-21 00:20:26', '51b26d4d-162f-4cf1-bdb5-5d85429c0ef8'),
 ('14', '15', 'en_us', 'Donate', NULL, NULL, NULL, NULL, NULL, NULL, NULL, NULL, NULL, NULL, NULL, NULL, NULL, NULL, NULL, NULL, NULL, NULL, NULL, NULL, '0', NULL, NULL, NULL, NULL, '2018-03-21 00:20:55', '2018-03-21 00:20:55', '2255d904-4983-44cf-a171-7a904b23f7eb'),
 ('15', '16', 'en_us', 'Join', NULL, NULL, NULL, NULL, NULL, NULL, NULL, NULL, NULL, NULL, NULL, NULL, NULL, NULL, NULL, NULL, NULL, NULL, NULL, NULL, '0', NULL, NULL, NULL, NULL, '2018-03-21 00:21:10', '2018-03-21 00:21:10', '4041520c-033d-41d6-a318-6b1446f08392'),
 ('16', '17', 'en_us', 'Our Home', NULL, NULL, NULL, NULL, NULL, NULL, NULL, NULL, NULL, NULL, NULL, NULL, NULL, NULL, NULL, NULL, NULL, NULL, NULL, NULL, '0', NULL, NULL, NULL, NULL, '2018-03-21 00:21:32', '2018-03-21 00:21:32', '8e745090-e1e1-4cfc-921d-9a03bde2f616'),
 ('17', '18', 'en_us', 'Shop', NULL, NULL, NULL, NULL, NULL, NULL, NULL, NULL, NULL, NULL, NULL, NULL, NULL, NULL, NULL, NULL, NULL, NULL, NULL, NULL, '0', NULL, NULL, NULL, NULL, '2018-03-21 00:22:06', '2018-03-21 00:22:06', '8940003c-8b18-4747-a9f0-45d737160d4b'),
 ('18', '19', 'en_us', 'Support', NULL, NULL, NULL, NULL, NULL, NULL, NULL, NULL, NULL, NULL, NULL, NULL, NULL, NULL, NULL, NULL, NULL, NULL, NULL, NULL, '0', NULL, NULL, NULL, NULL, '2018-03-21 00:22:18', '2018-03-21 00:22:18', 'b6be8815-3fc2-418f-a5b2-23332b225a7a'),
 ('19', '20', 'en_us', 'Plan Your Visit', NULL, NULL, NULL, NULL, NULL, NULL, NULL, NULL, NULL, NULL, NULL, NULL, NULL, NULL, NULL, NULL, NULL, NULL, NULL, NULL, '0', NULL, NULL, NULL, NULL, '2018-03-21 00:23:00', '2018-03-21 00:23:01', 'bff1727e-04c1-4cca-b8fa-10b4d3672cad'),
 ('20', '21', 'en_us', 'Volunteer', NULL, NULL, NULL, NULL, NULL, NULL, NULL, NULL, NULL, NULL, NULL, NULL, NULL, NULL, NULL, NULL, NULL, NULL, NULL, NULL, '0', NULL, NULL, NULL, NULL, '2018-03-21 00:23:45', '2018-03-21 00:23:45', '88faaf89-6b6d-4a25-ade0-4e38717ba902'),
 ('21', '22', 'en_us', 'Exhibit Reception', NULL, NULL, NULL, NULL, NULL, NULL, NULL, NULL, NULL, NULL, NULL, NULL, NULL, NULL, NULL, NULL, NULL, NULL, NULL, NULL, '0', NULL, NULL, NULL, NULL, '2018-03-22 01:23:32', '2018-03-22 01:23:44', '82b14076-503e-4342-a550-d6a14ef0afd5'),
 ('22', '23', 'en_us', 'Community Event', NULL, NULL, NULL, NULL, NULL, NULL, NULL, NULL, NULL, NULL, NULL, NULL, NULL, NULL, NULL, NULL, NULL, NULL, NULL, NULL, '0', NULL, NULL, NULL, NULL, '2018-03-22 01:23:58', '2018-03-22 01:23:58', 'ed7f4392-d560-4519-beaf-493344f2bbb0'),
 ('23', '24', 'en_us', 'Family Event', NULL, NULL, NULL, NULL, NULL, NULL, NULL, NULL, NULL, NULL, NULL, NULL, NULL, NULL, NULL, NULL, NULL, NULL, NULL, NULL, '0', NULL, NULL, NULL, NULL, '2018-03-22 01:24:13', '2018-03-22 01:24:13', '3ea47d85-37b8-4eeb-bf65-d77e749835b7'),
 ('24', '25', 'en_us', 'Kid-friendly Event', NULL, NULL, NULL, NULL, NULL, NULL, NULL, NULL, NULL, NULL, NULL, NULL, NULL, NULL, NULL, NULL, NULL, NULL, NULL, NULL, '0', NULL, NULL, NULL, NULL, '2018-03-22 01:24:29', '2018-03-22 01:24:29', 'ccbfc23a-179c-491d-ad91-3c6d2a224121'),
 ('25', '26', 'en_us', 'Members Event', NULL, NULL, NULL, NULL, NULL, NULL, NULL, NULL, NULL, NULL, NULL, NULL, NULL, NULL, NULL, NULL, NULL, NULL, NULL, NULL, '0', NULL, NULL, NULL, NULL, '2018-03-22 01:24:58', '2018-03-22 01:24:58', '4550c257-cc13-4127-a3f5-04724a30a5dd'),
 ('26', '27', 'en_us', 'Homeowners Event', NULL, NULL, NULL, NULL, NULL, NULL, NULL, NULL, NULL, NULL, NULL, NULL, NULL, NULL, NULL, NULL, NULL, NULL, NULL, NULL, '0', NULL, NULL, NULL, NULL, '2018-03-22 01:25:10', '2018-03-22 01:25:10', 'bfad3463-65ea-4bec-8c95-b5eb68ad5742'),
 ('27', '28', 'en_us', 'Video', NULL, NULL, NULL, NULL, NULL, NULL, NULL, NULL, NULL, NULL, NULL, NULL, NULL, NULL, NULL, NULL, NULL, NULL, NULL, NULL, '0', NULL, NULL, NULL, NULL, '2018-03-22 01:27:44', '2018-03-22 01:27:44', '070b9f5b-7f50-4856-908e-e908ab789d9d'),
 ('28', '29', 'en_us', 'Photograph', NULL, NULL, NULL, NULL, NULL, NULL, NULL, NULL, NULL, NULL, NULL, NULL, NULL, NULL, NULL, NULL, NULL, NULL, NULL, NULL, '0', NULL, NULL, NULL, NULL, '2018-03-22 01:27:54', '2018-03-22 01:27:54', 'caafed95-7f01-43c9-9b32-b775c960f88a'),
 ('29', '30', 'en_us', 'Document', NULL, NULL, NULL, NULL, NULL, NULL, NULL, NULL, NULL, NULL, NULL, NULL, NULL, NULL, NULL, NULL, NULL, NULL, NULL, NULL, '0', NULL, NULL, NULL, NULL, '2018-03-22 01:28:06', '2018-03-22 01:28:26', 'ff23d797-2a80-4e3f-a628-b68787b04806'),
 ('30', '31', 'en_us', 'Audio', NULL, NULL, NULL, NULL, NULL, NULL, NULL, NULL, NULL, NULL, NULL, NULL, NULL, NULL, NULL, NULL, NULL, NULL, NULL, NULL, '0', NULL, NULL, NULL, NULL, '2018-03-22 01:28:16', '2018-03-22 01:28:33', '6e342f67-ff19-43d5-9c5c-cca8873adb4b'),
 ('31', '32', 'en_us', 'Book', NULL, NULL, NULL, NULL, NULL, NULL, NULL, NULL, NULL, NULL, NULL, NULL, NULL, NULL, NULL, NULL, NULL, NULL, NULL, NULL, '0', NULL, NULL, NULL, NULL, '2018-03-22 01:28:48', '2018-03-22 01:28:48', 'cb519cb7-1630-4df0-8d11-eab908953e79'),
 ('32', '33', 'en_us', 'Periodical', NULL, NULL, NULL, NULL, NULL, NULL, NULL, NULL, NULL, NULL, NULL, NULL, NULL, NULL, NULL, NULL, NULL, NULL, NULL, NULL, '0', NULL, NULL, NULL, NULL, '2018-03-22 01:28:57', '2018-03-22 01:28:57', 'c47c0b0c-6ea1-4f3f-bb11-c69c88fe6965'),
 ('33', '34', 'en_us', 'Artifact', NULL, NULL, NULL, NULL, NULL, NULL, NULL, NULL, NULL, NULL, NULL, NULL, NULL, NULL, NULL, NULL, NULL, NULL, NULL, NULL, '0', NULL, NULL, NULL, NULL, '2018-03-22 01:29:14', '2018-03-22 01:29:14', 'c3e73b3c-d4bc-4400-b983-dc325d419176'),
 ('34', '35', 'en_us', 'Available for Purchase', NULL, NULL, NULL, NULL, NULL, NULL, NULL, NULL, NULL, NULL, NULL, NULL, NULL, NULL, NULL, NULL, NULL, NULL, NULL, NULL, '0', NULL, NULL, NULL, NULL, '2018-03-22 01:29:38', '2018-03-22 01:29:38', '92b2f5fb-6aab-4efd-ad36-9cc2169c1a3d'),
 ('35', '36', 'en_us', 'Kent Tribune', NULL, NULL, NULL, NULL, NULL, NULL, NULL, NULL, NULL, NULL, NULL, NULL, NULL, NULL, NULL, NULL, NULL, NULL, NULL, NULL, '0', NULL, NULL, NULL, NULL, '2018-03-22 20:20:17', '2018-03-22 20:20:17', 'c6a32713-d00c-44d8-9dbc-d5fdbb4bc95c'),
 ('36', '37', 'en_us', 'Railroad History', NULL, NULL, NULL, NULL, NULL, NULL, NULL, NULL, NULL, NULL, NULL, NULL, NULL, NULL, NULL, NULL, NULL, NULL, NULL, NULL, '0', NULL, NULL, NULL, NULL, '2018-03-22 20:20:41', '2018-03-22 20:30:43', '8705149d-2a31-4fb7-835d-45c624395bd4'),
 ('37', '38', 'en_us', 'Historic Landmark', NULL, NULL, NULL, NULL, NULL, NULL, NULL, NULL, NULL, NULL, NULL, NULL, NULL, NULL, NULL, NULL, NULL, NULL, NULL, NULL, '0', NULL, NULL, NULL, NULL, '2018-03-22 20:21:05', '2018-03-22 20:21:05', 'ffee0174-43b0-49d5-bb65-5e469a314113'),
 ('38', '39', 'en_us', 'City History', NULL, NULL, NULL, NULL, NULL, NULL, NULL, NULL, NULL, NULL, NULL, NULL, NULL, NULL, NULL, NULL, NULL, NULL, NULL, NULL, '0', NULL, NULL, NULL, NULL, '2018-03-22 20:21:28', '2018-03-22 20:21:28', '79420add-5d41-4dea-9910-f154d7919496'),
 ('39', '40', 'en_us', 'Founding Family', NULL, NULL, NULL, NULL, NULL, NULL, NULL, NULL, NULL, NULL, NULL, NULL, NULL, NULL, NULL, NULL, NULL, NULL, NULL, NULL, '0', NULL, NULL, NULL, NULL, '2018-03-22 20:23:15', '2018-03-22 20:23:15', 'fed3f2e6-f73a-47d3-af69-9807705a62eb'),
 ('40', '41', 'en_us', 'Residential History', NULL, NULL, NULL, NULL, NULL, NULL, NULL, NULL, NULL, NULL, NULL, NULL, NULL, NULL, NULL, NULL, NULL, NULL, NULL, NULL, '0', NULL, NULL, NULL, NULL, '2018-03-22 20:27:30', '2018-03-22 20:27:30', '990f3d8a-442c-464e-97dd-70c3b4ad73a1'),
 ('41', '42', 'en_us', 'Academic History', NULL, NULL, NULL, NULL, NULL, NULL, NULL, NULL, NULL, NULL, NULL, NULL, NULL, NULL, NULL, NULL, NULL, NULL, NULL, NULL, '0', NULL, NULL, NULL, NULL, '2018-03-22 20:29:45', '2018-03-22 20:29:45', 'fc7b4e89-7612-4c38-b846-735f28065b72'),
 ('43', '44', 'en_us', 'Secondary', NULL, NULL, NULL, NULL, NULL, NULL, NULL, NULL, NULL, NULL, NULL, NULL, NULL, NULL, NULL, NULL, NULL, NULL, NULL, NULL, '0', NULL, NULL, NULL, NULL, '2018-03-22 22:59:27', '2018-03-22 22:59:27', '791ae2f9-4644-4471-a70b-d15c0295bee6'),
 ('44', '45', 'en_us', 'Primary', NULL, NULL, NULL, NULL, NULL, NULL, NULL, NULL, NULL, NULL, NULL, NULL, NULL, NULL, NULL, NULL, NULL, NULL, NULL, NULL, '0', NULL, NULL, NULL, NULL, '2018-03-22 23:01:42', '2018-03-22 23:01:42', '6697c8b4-da05-451c-9161-3b49c21debfd'),
 ('45', '46', 'en_us', 'Newheadshot Square', NULL, NULL, NULL, NULL, NULL, NULL, NULL, NULL, NULL, NULL, NULL, NULL, NULL, NULL, NULL, NULL, NULL, NULL, NULL, NULL, '0', NULL, NULL, NULL, NULL, '2018-04-05 20:30:02', '2018-04-05 20:30:02', '838ac345-2ff0-4c3b-8074-d8733fe1f72f');



DROP TABLE IF EXISTS `craft_deprecationerrors`;


--
-- Schema for table `craft_deprecationerrors`
--
CREATE TABLE `craft_deprecationerrors` (
  `id` int(11) NOT NULL AUTO_INCREMENT,
  `key` varchar(255) COLLATE utf8_unicode_ci NOT NULL,
  `fingerprint` varchar(255) COLLATE utf8_unicode_ci NOT NULL,
  `lastOccurrence` datetime NOT NULL,
  `file` varchar(255) COLLATE utf8_unicode_ci NOT NULL,
  `line` smallint(6) unsigned NOT NULL,
  `class` varchar(255) COLLATE utf8_unicode_ci DEFAULT NULL,
  `method` varchar(255) COLLATE utf8_unicode_ci DEFAULT NULL,
  `template` varchar(255) COLLATE utf8_unicode_ci DEFAULT NULL,
  `templateLine` smallint(6) unsigned DEFAULT NULL,
  `message` varchar(255) COLLATE utf8_unicode_ci DEFAULT NULL,
  `traces` text COLLATE utf8_unicode_ci,
  `dateCreated` datetime NOT NULL,
  `dateUpdated` datetime NOT NULL,
  `uid` char(36) COLLATE utf8_unicode_ci NOT NULL DEFAULT '0',
  PRIMARY KEY (`id`),
  UNIQUE KEY `craft_deprecationerrors_key_fingerprint_unq_idx` (`key`,`fingerprint`)
) ENGINE=InnoDB DEFAULT CHARSET=utf8 COLLATE=utf8_unicode_ci;

DROP TABLE IF EXISTS `craft_elementindexsettings`;


--
-- Schema for table `craft_elementindexsettings`
--
CREATE TABLE `craft_elementindexsettings` (
  `id` int(11) NOT NULL AUTO_INCREMENT,
  `type` varchar(150) COLLATE utf8_unicode_ci NOT NULL,
  `settings` text COLLATE utf8_unicode_ci,
  `dateCreated` datetime NOT NULL,
  `dateUpdated` datetime NOT NULL,
  `uid` char(36) COLLATE utf8_unicode_ci NOT NULL DEFAULT '0',
  PRIMARY KEY (`id`),
  UNIQUE KEY `craft_elementindexsettings_type_unq_idx` (`type`)
) ENGINE=InnoDB AUTO_INCREMENT=2 DEFAULT CHARSET=utf8 COLLATE=utf8_unicode_ci;

--
-- Data for table `craft_elementindexsettings`
--

INSERT INTO `craft_elementindexsettings` (`id`, `type`, `settings`, `dateCreated`, `dateUpdated`, `uid`) VALUES
 ('1', 'Category', '{\"sourceOrder\":[[\"key\",\"group:1\"],[\"heading\",\"Media Type\"]],\"sources\":{\"group:1\":{\"tableAttributes\":{\"1\":\"link\"}}}}', '2018-03-22 01:25:50', '2018-03-22 01:27:03', '89a7794f-97e8-40d2-a958-6d3d8584085d');



DROP TABLE IF EXISTS `craft_elements`;


--
-- Schema for table `craft_elements`
--
CREATE TABLE `craft_elements` (
  `id` int(11) NOT NULL AUTO_INCREMENT,
  `type` varchar(150) COLLATE utf8_unicode_ci NOT NULL,
  `enabled` tinyint(1) unsigned NOT NULL DEFAULT '1',
  `archived` tinyint(1) unsigned NOT NULL DEFAULT '0',
  `dateCreated` datetime NOT NULL,
  `dateUpdated` datetime NOT NULL,
  `uid` char(36) COLLATE utf8_unicode_ci NOT NULL DEFAULT '0',
  PRIMARY KEY (`id`),
  KEY `craft_elements_type_idx` (`type`),
  KEY `craft_elements_enabled_idx` (`enabled`),
  KEY `craft_elements_archived_dateCreated_idx` (`archived`,`dateCreated`)
) ENGINE=InnoDB AUTO_INCREMENT=47 DEFAULT CHARSET=utf8 COLLATE=utf8_unicode_ci;

--
-- Data for table `craft_elements`
--

INSERT INTO `craft_elements` (`id`, `type`, `enabled`, `archived`, `dateCreated`, `dateUpdated`, `uid`) VALUES
 ('1', 'User', '1', '0', '2018-01-10 21:34:41', '2018-01-10 21:34:41', '6b270dcc-18d4-46ab-96e5-d39681e7da8a'),
 ('2', 'Entry', '1', '0', '2018-01-10 21:34:43', '2018-03-15 20:18:10', '8a3032a6-3dc2-4dcc-b2b0-100316f9322a'),
 ('3', 'Entry', '1', '0', '2018-01-10 21:34:43', '2018-03-01 20:41:31', 'a1a76666-32cb-49de-8923-7641d1a4437c'),
 ('4', 'Entry', '1', '0', '2018-01-30 21:13:58', '2018-01-30 21:13:58', 'f8f3990b-a60e-494c-8bf9-c5731102540c'),
 ('5', 'GlobalSet', '1', '0', '2018-03-15 18:54:56', '2018-03-22 23:02:01', '3572fccb-1c6c-4523-b3ff-badbfca96e86'),
 ('6', 'GlobalSet', '1', '0', '2018-03-15 18:55:26', '2018-03-22 23:02:09', 'a8be9a28-93f5-41f0-a34e-99e9ba18c952'),
 ('7', 'GlobalSet', '1', '0', '2018-03-15 18:55:48', '2018-03-15 19:00:16', '4d4a6067-a3cf-4dbd-ad32-a0963e304999'),
 ('10', 'MatrixBlock', '1', '0', '2018-03-15 20:08:47', '2018-03-22 23:02:01', 'dda614e5-9653-4a21-b242-f97f11e5e5e2'),
 ('11', 'Entry', '1', '0', '2018-03-15 20:13:12', '2018-03-15 20:13:12', '1306bc38-f3b3-4546-a872-aebee4a944ed'),
 ('12', 'Entry', '1', '0', '2018-03-15 20:13:39', '2018-03-15 20:13:39', 'b262490e-1cbe-4225-8add-da8f4ddfdaf4'),
 ('13', 'Entry', '1', '0', '2018-03-21 00:15:28', '2018-04-05 20:30:22', '1035943f-dc08-436e-95d2-16b0b7edf92e'),
 ('14', 'Entry', '1', '0', '2018-03-21 00:20:26', '2018-03-21 00:20:26', '0226b95a-40dd-4f1a-a011-77d0c73a70f3'),
 ('15', 'Entry', '1', '0', '2018-03-21 00:20:55', '2018-03-21 00:20:55', '8c84b6fb-5c3b-4e44-92e7-5d72fe01e1a8'),
 ('16', 'Entry', '1', '0', '2018-03-21 00:21:10', '2018-03-21 00:21:10', '0aeeefd5-cb42-4f4a-88d9-373dffb3241e'),
 ('17', 'Entry', '1', '0', '2018-03-21 00:21:32', '2018-03-21 00:21:32', 'e0a98936-70bb-4406-8cad-a570cd1a3eb3'),
 ('18', 'Entry', '1', '0', '2018-03-21 00:22:06', '2018-03-21 00:22:06', 'c3ed9b45-5ab0-4e4e-bc0d-3c3a08e5afca'),
 ('19', 'Entry', '1', '0', '2018-03-21 00:22:18', '2018-03-21 00:22:18', '119b2ebe-435d-451e-b901-cb38e945a28e'),
 ('20', 'Entry', '1', '0', '2018-03-21 00:23:00', '2018-03-21 00:23:01', 'df920be4-5db4-46bd-bc4b-fac38f610f0b'),
 ('21', 'Entry', '1', '0', '2018-03-21 00:23:45', '2018-03-21 00:23:45', '44997117-228c-4538-ae2a-5ca09bed49d1'),
 ('22', 'Category', '1', '0', '2018-03-22 01:23:32', '2018-03-22 01:23:44', 'e43e5150-d9cc-492b-be85-73d84a1f5d56'),
 ('23', 'Category', '1', '0', '2018-03-22 01:23:58', '2018-03-22 01:23:58', '0a14b004-2f05-4396-bc96-7d6f4f8966ec'),
 ('24', 'Category', '1', '0', '2018-03-22 01:24:13', '2018-03-22 01:24:13', '7f3ee898-d5e7-485e-84ea-1ff9967aa76a'),
 ('25', 'Category', '1', '0', '2018-03-22 01:24:29', '2018-03-22 01:24:29', '224b2474-3aed-4688-ba1f-ecccf5435320'),
 ('26', 'Category', '1', '0', '2018-03-22 01:24:58', '2018-03-22 01:24:58', 'e9679774-683b-4b1f-b8b1-cc70c7fa4127'),
 ('27', 'Category', '1', '0', '2018-03-22 01:25:10', '2018-03-22 01:25:10', 'eefa84ea-27b4-4d41-b487-f318fb4e58b8'),
 ('28', 'Category', '1', '0', '2018-03-22 01:27:44', '2018-03-22 01:27:44', '02113023-3048-475d-80dc-fea48487e23b'),
 ('29', 'Category', '1', '0', '2018-03-22 01:27:54', '2018-03-22 01:27:54', '7f5ccdaf-17d3-4265-a445-efc4a054f7c9'),
 ('30', 'Category', '1', '0', '2018-03-22 01:28:06', '2018-03-22 01:28:26', 'a76583f7-0b38-46de-b92c-e20ed41f3f36'),
 ('31', 'Category', '1', '0', '2018-03-22 01:28:16', '2018-03-22 01:28:33', '1766cf2b-17d2-4226-9b41-5900d7f62300'),
 ('32', 'Category', '1', '0', '2018-03-22 01:28:48', '2018-03-22 01:28:48', 'c3782c0d-41ae-46b4-8ebe-d629602c9718'),
 ('33', 'Category', '1', '0', '2018-03-22 01:28:57', '2018-03-22 01:28:57', 'c9d7f655-2e08-444c-ad6f-afe50ead474b'),
 ('34', 'Category', '1', '0', '2018-03-22 01:29:14', '2018-03-22 01:29:14', 'd7350c37-68b7-4b28-a7b4-fa11798bdda7'),
 ('35', 'Category', '1', '0', '2018-03-22 01:29:38', '2018-03-22 01:29:38', '79886a78-b3ff-4677-8768-eb7d12c614d8'),
 ('36', 'Category', '1', '0', '2018-03-22 20:20:17', '2018-03-22 20:20:17', '60811858-aaa9-4a1d-ab11-c310dad146ac'),
 ('37', 'Category', '1', '0', '2018-03-22 20:20:41', '2018-03-22 20:30:43', 'd438aa31-0ce7-44de-b5ef-98e763066f62'),
 ('38', 'Category', '1', '0', '2018-03-22 20:21:05', '2018-03-22 20:21:05', '0e507735-73e8-4165-b221-b341da826693'),
 ('39', 'Category', '1', '0', '2018-03-22 20:21:28', '2018-03-22 20:21:28', 'e303b2a3-74fc-4fa1-8396-7177a3b8d163'),
 ('40', 'Category', '1', '0', '2018-03-22 20:23:15', '2018-03-22 20:23:15', '2e77dede-5940-4ac2-94b1-fa89d725a5c6'),
 ('41', 'Category', '1', '0', '2018-03-22 20:27:30', '2018-03-22 20:27:30', 'e34808a6-17bf-40b3-88ae-ac8925e4eba8'),
 ('42', 'Category', '1', '0', '2018-03-22 20:29:45', '2018-03-22 20:29:45', '92a0898f-6018-4cc0-8f4a-22c8b1ebd545'),
 ('44', 'Asset', '1', '0', '2018-03-22 22:59:27', '2018-03-22 22:59:27', '25175237-b66c-4f24-b94e-0c449ece7b07'),
 ('45', 'Asset', '1', '0', '2018-03-22 23:01:42', '2018-03-22 23:01:42', '4e24d777-2ae0-465e-a81f-c06c4f76ff20'),
 ('46', 'Asset', '1', '0', '2018-04-05 20:30:02', '2018-04-05 20:30:02', 'f52bcf74-61b7-496b-b00a-fb442215f3a0');



DROP TABLE IF EXISTS `craft_elements_i18n`;


--
-- Schema for table `craft_elements_i18n`
--
CREATE TABLE `craft_elements_i18n` (
  `id` int(11) NOT NULL AUTO_INCREMENT,
  `elementId` int(11) NOT NULL,
  `locale` char(12) COLLATE utf8_unicode_ci NOT NULL,
  `slug` varchar(255) COLLATE utf8_unicode_ci DEFAULT NULL,
  `uri` varchar(255) COLLATE utf8_unicode_ci DEFAULT NULL,
  `enabled` tinyint(1) unsigned NOT NULL DEFAULT '1',
  `dateCreated` datetime NOT NULL,
  `dateUpdated` datetime NOT NULL,
  `uid` char(36) COLLATE utf8_unicode_ci NOT NULL DEFAULT '0',
  PRIMARY KEY (`id`),
  UNIQUE KEY `craft_elements_i18n_elementId_locale_unq_idx` (`elementId`,`locale`),
  UNIQUE KEY `craft_elements_i18n_uri_locale_unq_idx` (`uri`,`locale`),
  KEY `craft_elements_i18n_slug_locale_idx` (`slug`,`locale`),
  KEY `craft_elements_i18n_enabled_idx` (`enabled`),
  KEY `craft_elements_i18n_locale_fk` (`locale`)
) ENGINE=InnoDB AUTO_INCREMENT=47 DEFAULT CHARSET=utf8 COLLATE=utf8_unicode_ci;

--
-- Data for table `craft_elements_i18n`
--

INSERT INTO `craft_elements_i18n` (`id`, `elementId`, `locale`, `slug`, `uri`, `enabled`, `dateCreated`, `dateUpdated`, `uid`) VALUES
 ('1', '1', 'en_us', '', NULL, '1', '2018-01-10 21:34:41', '2018-01-10 21:34:41', '467f95c4-7d4a-4718-8523-cdc99f5a1a9a'),
 ('2', '2', 'en_us', 'homepage', '__home__', '1', '2018-01-10 21:34:43', '2018-03-15 20:18:10', 'c466387c-57bb-46ce-b87a-89f0e1533dcf'),
 ('3', '3', 'en_us', 'we-just-installed-craft', 'news/2018/we-just-installed-craft', '1', '2018-01-10 21:34:43', '2018-03-01 20:41:31', 'ea087104-5329-4cff-b89b-708e85fddea5'),
 ('4', '4', 'en_us', 'test', 'news/2018/test', '1', '2018-01-30 21:13:58', '2018-01-30 21:13:58', 'e233fe93-00d8-46e0-857f-58fdf2cb46c3'),
 ('5', '5', 'en_us', '', NULL, '1', '2018-03-15 18:54:56', '2018-03-22 23:02:01', 'afe26f6b-5553-4b4f-b91d-44d489101a5f'),
 ('6', '6', 'en_us', '', NULL, '1', '2018-03-15 18:55:26', '2018-03-22 23:02:09', '7d284627-24d1-478c-84a9-d238c6a9650e'),
 ('7', '7', 'en_us', '', NULL, '1', '2018-03-15 18:55:48', '2018-03-15 19:00:16', '91aefa70-d911-485a-b517-8b01e3a8ba21'),
 ('10', '10', 'en_us', '', NULL, '1', '2018-03-15 20:08:47', '2018-03-22 23:02:01', '2ee4a6df-fefe-4c61-ac9a-2baf21af3c6f'),
 ('11', '11', 'en_us', 'test-entry-2', 'news/2018/test-entry-2', '1', '2018-03-15 20:13:12', '2018-03-15 20:13:12', '071f5d15-7f6a-470b-b8e8-24559a3317d9'),
 ('12', '12', 'en_us', 'test-entry-3', 'news/2018/test-entry-3', '1', '2018-03-15 20:13:39', '2018-03-15 20:13:39', '8607f1aa-f375-4f78-9416-0a053e438e52'),
 ('13', '13', 'en_us', 'about-page', 'about', '1', '2018-03-21 00:15:28', '2018-04-05 20:30:22', '41f43ee5-0fb1-4607-a1f0-86d29d57adc3'),
 ('14', '14', 'en_us', 'collections-and-resources', 'collections-and-resources', '1', '2018-03-21 00:20:26', '2018-03-21 00:20:26', '11c2b20b-5a46-4e47-90c8-37c030d0c998'),
 ('15', '15', 'en_us', 'donate', 'donate', '1', '2018-03-21 00:20:55', '2018-03-21 00:20:55', 'c9687b5a-266b-4c02-a552-da2e929d2deb'),
 ('16', '16', 'en_us', 'join', 'join', '1', '2018-03-21 00:21:10', '2018-03-21 00:21:10', 'c0dd7357-074d-463b-9660-f0073613841a'),
 ('17', '17', 'en_us', 'our-home', 'our-home', '1', '2018-03-21 00:21:32', '2018-03-21 00:21:32', '184ec582-6367-4b9c-95cf-bef037545f1f'),
 ('18', '18', 'en_us', 'shop', 'shop', '1', '2018-03-21 00:22:06', '2018-03-21 00:22:06', '1725a809-109f-4f45-9498-bcf9f024cbd9'),
 ('19', '19', 'en_us', 'support', 'support', '1', '2018-03-21 00:22:18', '2018-03-21 00:22:18', 'f5cbf114-7ec3-4f8b-9012-f96aafd0de89'),
 ('20', '20', 'en_us', 'plan-your-visit', 'planYourVisit', '1', '2018-03-21 00:23:00', '2018-03-21 00:23:01', 'e7ec0ddc-b43b-45a1-8e94-04cb0d1ab587'),
 ('21', '21', 'en_us', 'volunteer', 'volunteer', '1', '2018-03-21 00:23:45', '2018-03-21 00:23:45', '71b28a66-86d2-4537-806b-d3aa072a3752'),
 ('22', '22', 'en_us', 'exhibit-opening', 'event-type/exhibit-opening', '1', '2018-03-22 01:23:32', '2018-03-22 01:23:44', '4e952e7e-0a21-4165-87ff-1852ba8f888e'),
 ('23', '23', 'en_us', 'community-event', 'event-type/community-event', '1', '2018-03-22 01:23:58', '2018-03-22 01:23:58', 'cdee191c-e718-4da7-a6cc-9d60a4b28dd2'),
 ('24', '24', 'en_us', 'family-event', 'event-type/family-event', '1', '2018-03-22 01:24:13', '2018-03-22 01:24:13', 'd36db77f-0ec0-43c7-b4f3-bd85849e4137'),
 ('25', '25', 'en_us', 'kid-friendly-event', 'event-type/kid-friendly-event', '1', '2018-03-22 01:24:29', '2018-03-22 01:24:29', '4bb05489-5656-41a6-901e-db28473e78af'),
 ('26', '26', 'en_us', 'members-event', 'event-type/members-event', '1', '2018-03-22 01:24:58', '2018-03-22 01:24:58', '2f04e837-e3a4-4414-82c4-b4de53e032fd'),
 ('27', '27', 'en_us', 'homeowners-event', 'event-type/homeowners-event', '1', '2018-03-22 01:25:10', '2018-03-22 01:25:10', 'f44e965f-518f-4cb4-b531-6eb38875a65b'),
 ('28', '28', 'en_us', 'video', 'media-type/video', '1', '2018-03-22 01:27:44', '2018-03-22 01:27:44', 'c6900af8-066c-4879-bb54-0cda73c9681a'),
 ('29', '29', 'en_us', 'photograph', 'media-type/photograph', '1', '2018-03-22 01:27:54', '2018-03-22 01:27:54', '18b04098-7e34-424a-94c6-8065dcf71944'),
 ('30', '30', 'en_us', 'document', 'media-type/document', '1', '2018-03-22 01:28:06', '2018-03-22 01:28:26', '231de723-5cb3-4282-8950-ce72257729fd'),
 ('31', '31', 'en_us', 'audio', 'media-type/audio', '1', '2018-03-22 01:28:16', '2018-03-22 01:28:37', '0d7f48cf-34c0-4b61-a532-321de4284292'),
 ('32', '32', 'en_us', 'book', 'media-type/book', '1', '2018-03-22 01:28:48', '2018-03-22 01:28:48', 'e0cf2d81-e204-4ba1-94b2-06465e0d88e7'),
 ('33', '33', 'en_us', 'periodical', 'media-type/periodical', '1', '2018-03-22 01:28:57', '2018-03-22 01:28:57', 'afa76411-b943-45de-8310-fb73f4df9ef3'),
 ('34', '34', 'en_us', 'artifact', 'media-type/artifact', '1', '2018-03-22 01:29:14', '2018-03-22 01:29:14', '32fa4301-fde9-483b-a45e-9c6484a29532'),
 ('35', '35', 'en_us', 'available-for-purchase', 'media-type/available-for-purchase', '1', '2018-03-22 01:29:38', '2018-03-22 01:29:38', '42cecff5-9607-4df2-8b37-a2ba1097707a'),
 ('36', '36', 'en_us', 'kent-tribune', 'media-category/kent-tribune', '1', '2018-03-22 20:20:17', '2018-03-22 20:20:17', '891e6a77-4071-462a-89b0-89d81bed0cb4'),
 ('37', '37', 'en_us', 'railroad', 'media-category/railroad', '1', '2018-03-22 20:20:41', '2018-03-22 20:30:43', '59895bec-a9cd-4b6d-ba5f-21259ec62c9d'),
 ('38', '38', 'en_us', 'historic-landmark', 'media-category/historic-landmark', '1', '2018-03-22 20:21:05', '2018-03-22 20:21:05', 'ce6dcfda-316a-47cb-923c-1744427d9445'),
 ('39', '39', 'en_us', 'city-history', 'media-category/city-history', '1', '2018-03-22 20:21:28', '2018-03-22 20:21:28', 'a4b9837f-8fc5-42c8-862b-33bd6861f93a'),
 ('40', '40', 'en_us', 'founding-family', 'media-category/founding-family', '1', '2018-03-22 20:23:15', '2018-03-22 20:23:15', '3c75aaca-fae1-4a5f-a744-96c028d5cd70'),
 ('41', '41', 'en_us', 'residential-history', 'media-category/residential-history', '1', '2018-03-22 20:27:30', '2018-03-22 20:27:30', '6d6fd15d-72aa-4df1-9015-ed3f7758ff4f'),
 ('42', '42', 'en_us', 'academic-history', 'media-category/academic-history', '1', '2018-03-22 20:29:45', '2018-03-22 20:29:45', '0d644019-ab60-4260-a1a8-b3a44b47bfc9'),
 ('44', '44', 'en_us', 'secondary', NULL, '1', '2018-03-22 22:59:27', '2018-03-22 22:59:27', '9448a9aa-e4d4-4061-9e9a-9ec011aab362'),
 ('45', '45', 'en_us', 'primary', NULL, '1', '2018-03-22 23:01:42', '2018-03-22 23:01:42', 'e1453556-cb1e-444b-a900-bbe322310b4a'),
 ('46', '46', 'en_us', 'newheadshot-square', NULL, '1', '2018-04-05 20:30:02', '2018-04-05 20:30:02', '9a5ccfb9-8ed3-423f-b509-a92eaf00c73e');



DROP TABLE IF EXISTS `craft_emailmessages`;


--
-- Schema for table `craft_emailmessages`
--
CREATE TABLE `craft_emailmessages` (
  `id` int(11) NOT NULL AUTO_INCREMENT,
  `key` char(150) COLLATE utf8_unicode_ci NOT NULL,
  `locale` char(12) COLLATE utf8_unicode_ci NOT NULL,
  `subject` varchar(1000) COLLATE utf8_unicode_ci NOT NULL,
  `body` text COLLATE utf8_unicode_ci NOT NULL,
  `dateCreated` datetime NOT NULL,
  `dateUpdated` datetime NOT NULL,
  `uid` char(36) COLLATE utf8_unicode_ci NOT NULL DEFAULT '0',
  PRIMARY KEY (`id`),
  UNIQUE KEY `craft_emailmessages_key_locale_unq_idx` (`key`,`locale`),
  KEY `craft_emailmessages_locale_fk` (`locale`)
) ENGINE=InnoDB DEFAULT CHARSET=utf8 COLLATE=utf8_unicode_ci;

DROP TABLE IF EXISTS `craft_entries`;


--
-- Schema for table `craft_entries`
--
CREATE TABLE `craft_entries` (
  `id` int(11) NOT NULL,
  `sectionId` int(11) NOT NULL,
  `typeId` int(11) DEFAULT NULL,
  `authorId` int(11) DEFAULT NULL,
  `postDate` datetime DEFAULT NULL,
  `expiryDate` datetime DEFAULT NULL,
  `dateCreated` datetime NOT NULL,
  `dateUpdated` datetime NOT NULL,
  `uid` char(36) COLLATE utf8_unicode_ci NOT NULL DEFAULT '0',
  PRIMARY KEY (`id`),
  KEY `craft_entries_sectionId_idx` (`sectionId`),
  KEY `craft_entries_typeId_idx` (`typeId`),
  KEY `craft_entries_postDate_idx` (`postDate`),
  KEY `craft_entries_expiryDate_idx` (`expiryDate`),
  KEY `craft_entries_authorId_fk` (`authorId`)
) ENGINE=InnoDB DEFAULT CHARSET=utf8 COLLATE=utf8_unicode_ci;

--
-- Data for table `craft_entries`
--

INSERT INTO `craft_entries` (`id`, `sectionId`, `typeId`, `authorId`, `postDate`, `expiryDate`, `dateCreated`, `dateUpdated`, `uid`) VALUES
 ('2', '1', NULL, NULL, '2018-01-10 21:34:43', NULL, '2018-01-10 21:34:43', '2018-03-15 20:18:10', '6eb5375b-51a0-4302-a6cd-3722b249f05c'),
 ('3', '2', '2', '1', '2018-01-10 21:34:00', NULL, '2018-01-10 21:34:43', '2018-03-01 20:41:31', '901f08d1-f075-4695-acd2-40f7981c7f91'),
 ('4', '2', '2', '1', '2018-01-30 21:13:58', NULL, '2018-01-30 21:13:58', '2018-01-30 21:13:58', '1be749a0-7192-4315-ad35-cc71009a4d9c'),
 ('11', '2', '2', '1', '2018-03-15 20:13:12', NULL, '2018-03-15 20:13:12', '2018-03-15 20:13:12', '18dd4aba-4864-47d2-9e9d-3242f1db9622'),
 ('12', '2', '2', '1', '2018-03-15 20:13:39', NULL, '2018-03-15 20:13:39', '2018-03-15 20:13:39', 'ec509f0d-bed6-4431-a662-a748acae30f3'),
 ('13', '3', '3', NULL, '2018-04-05 20:27:40', NULL, '2018-03-21 00:15:28', '2018-04-05 20:30:22', 'ce9d3165-f8c9-471e-9fe5-2baaff0d6dfb'),
 ('14', '4', NULL, NULL, '2018-03-21 00:20:26', NULL, '2018-03-21 00:20:26', '2018-03-21 00:20:26', '1eecbffd-241c-4fbf-a01b-2f3f4c47223c'),
 ('15', '5', NULL, NULL, '2018-03-21 00:20:55', NULL, '2018-03-21 00:20:56', '2018-03-21 00:20:56', '833c33f2-9ecf-4f10-9c79-29c27a16c067'),
 ('16', '6', NULL, NULL, '2018-03-21 00:21:10', NULL, '2018-03-21 00:21:10', '2018-03-21 00:21:10', 'cf56e3ae-7eed-44e7-aa6a-5f3925302877'),
 ('17', '7', NULL, NULL, '2018-03-21 00:21:32', NULL, '2018-03-21 00:21:32', '2018-03-21 00:21:32', '5317d666-2bc3-43ca-bb95-74f3531f2ce1'),
 ('18', '9', NULL, NULL, '2018-03-21 00:22:06', NULL, '2018-03-21 00:22:06', '2018-03-21 00:22:06', '2e61da23-3f3e-4912-a1d9-6e74f62a957e'),
 ('19', '10', NULL, NULL, '2018-03-21 00:22:18', NULL, '2018-03-21 00:22:18', '2018-03-21 00:22:18', 'a564fea4-d5f4-4ce5-add0-51c2a0f47394'),
 ('20', '8', NULL, NULL, '2018-03-21 00:23:00', NULL, '2018-03-21 00:23:01', '2018-03-21 00:23:01', '77dd4fc0-2e5a-412f-9c41-cc4d82d478f7'),
 ('21', '11', NULL, NULL, '2018-03-21 00:23:45', NULL, '2018-03-21 00:23:45', '2018-03-21 00:23:45', '98f4d1ce-d920-45cc-927d-02d30fa18458');



DROP TABLE IF EXISTS `craft_entrydrafts`;


--
-- Schema for table `craft_entrydrafts`
--
CREATE TABLE `craft_entrydrafts` (
  `id` int(11) NOT NULL AUTO_INCREMENT,
  `entryId` int(11) NOT NULL,
  `sectionId` int(11) NOT NULL,
  `creatorId` int(11) NOT NULL,
  `locale` char(12) COLLATE utf8_unicode_ci NOT NULL,
  `name` varchar(255) COLLATE utf8_unicode_ci NOT NULL,
  `notes` tinytext COLLATE utf8_unicode_ci,
  `data` mediumtext COLLATE utf8_unicode_ci NOT NULL,
  `dateCreated` datetime NOT NULL,
  `dateUpdated` datetime NOT NULL,
  `uid` char(36) COLLATE utf8_unicode_ci NOT NULL DEFAULT '0',
  PRIMARY KEY (`id`),
  KEY `craft_entrydrafts_entryId_locale_idx` (`entryId`,`locale`),
  KEY `craft_entrydrafts_sectionId_fk` (`sectionId`),
  KEY `craft_entrydrafts_creatorId_fk` (`creatorId`),
  KEY `craft_entrydrafts_locale_fk` (`locale`)
) ENGINE=InnoDB DEFAULT CHARSET=utf8 COLLATE=utf8_unicode_ci;

DROP TABLE IF EXISTS `craft_entrytypes`;


--
-- Schema for table `craft_entrytypes`
--
CREATE TABLE `craft_entrytypes` (
  `id` int(11) NOT NULL AUTO_INCREMENT,
  `sectionId` int(11) NOT NULL,
  `fieldLayoutId` int(11) DEFAULT NULL,
  `name` varchar(255) COLLATE utf8_unicode_ci NOT NULL,
  `handle` varchar(255) COLLATE utf8_unicode_ci NOT NULL,
  `hasTitleField` tinyint(1) unsigned NOT NULL DEFAULT '1',
  `titleLabel` varchar(255) COLLATE utf8_unicode_ci DEFAULT 'Title',
  `titleFormat` varchar(255) COLLATE utf8_unicode_ci DEFAULT NULL,
  `sortOrder` smallint(6) unsigned DEFAULT NULL,
  `dateCreated` datetime NOT NULL,
  `dateUpdated` datetime NOT NULL,
  `uid` char(36) COLLATE utf8_unicode_ci NOT NULL DEFAULT '0',
  PRIMARY KEY (`id`),
  UNIQUE KEY `craft_entrytypes_name_sectionId_unq_idx` (`name`,`sectionId`),
  UNIQUE KEY `craft_entrytypes_handle_sectionId_unq_idx` (`handle`,`sectionId`),
  KEY `craft_entrytypes_sectionId_fk` (`sectionId`),
  KEY `craft_entrytypes_fieldLayoutId_fk` (`fieldLayoutId`)
) ENGINE=InnoDB AUTO_INCREMENT=16 DEFAULT CHARSET=utf8 COLLATE=utf8_unicode_ci;

--
-- Data for table `craft_entrytypes`
--

INSERT INTO `craft_entrytypes` (`id`, `sectionId`, `fieldLayoutId`, `name`, `handle`, `hasTitleField`, `titleLabel`, `titleFormat`, `sortOrder`, `dateCreated`, `dateUpdated`, `uid`) VALUES
 ('1', '1', '59', 'Homepage', 'homepage', '1', 'Title', NULL, '1', '2018-01-10 21:34:43', '2018-03-22 20:42:44', '2f996a4d-1b28-4540-9d42-0d45060c4872'),
 ('2', '2', '62', 'News', 'news', '1', 'Title', NULL, '1', '2018-01-10 21:34:43', '2018-03-22 20:43:10', '7853b3b7-dd09-4b0e-a10a-83458fd570f0'),
 ('3', '3', '52', 'About', 'aboutPage', '1', 'About Title', NULL, '1', '2018-03-21 00:15:28', '2018-03-22 20:41:04', '5053c6a2-2009-4650-9e26-dd984bba7922'),
 ('4', '4', '54', 'Collections And Resources', 'collectionsAndResources', '0', NULL, '{section.name|raw}', '1', '2018-03-21 00:20:26', '2018-03-22 20:41:31', 'b8f8b1de-e890-40ea-8bcf-1bd14d823ff4'),
 ('5', '5', '55', 'Donate', 'donate', '1', 'Donate Title', NULL, '1', '2018-03-21 00:20:55', '2018-03-22 20:41:44', 'e039f1ad-96a7-464e-9f64-cb01dc5e760c'),
 ('6', '6', '61', 'Join', 'join', '1', 'Join Title', NULL, '1', '2018-03-21 00:21:10', '2018-03-22 20:42:59', '6fa37025-00e8-40a3-9c12-57b6db41290f'),
 ('7', '7', '64', 'Our Home', 'ourHome', '1', 'Our Home Title', NULL, '1', '2018-03-21 00:21:32', '2018-03-22 20:43:23', '6752d929-182e-4eaf-b60f-aaeff286e44d'),
 ('8', '8', '65', 'Plan Your Visit', 'planYourVisit', '1', 'Title', NULL, '1', '2018-03-21 00:21:49', '2018-03-22 20:43:33', 'da12d49c-f794-4700-a2bf-e719dfd08bc7'),
 ('9', '9', '66', 'Shop', 'shop', '0', NULL, '{section.name|raw}', '1', '2018-03-21 00:22:06', '2018-03-22 20:43:42', 'd52d3093-433f-440a-8001-1719961cda89'),
 ('10', '10', '67', 'Support', 'support', '0', NULL, '{section.name|raw}', '1', '2018-03-21 00:22:18', '2018-03-22 20:43:51', 'e7ed0def-be80-4a79-b30a-07985ead13c2'),
 ('11', '11', '68', 'Volunteer', 'volunteer', '0', NULL, '{section.name|raw}', '1', '2018-03-21 00:23:45', '2018-03-22 20:44:00', 'c1a87787-766c-4892-a877-cffbb945573c'),
 ('12', '12', '53', 'Basic Page', 'basicPage', '1', 'Title', NULL, '1', '2018-03-22 01:12:50', '2018-03-22 20:41:21', '44f46a39-695e-4c72-b0da-6461cd6ef2ca'),
 ('13', '13', '56', 'Events', 'events', '1', 'Title', NULL, '1', '2018-03-22 01:14:25', '2018-03-22 20:42:05', '37d2827f-1428-4596-9e47-04522bf52528'),
 ('14', '14', '57', 'Exhibits', 'exhibits', '1', 'Title', NULL, '1', '2018-03-22 01:14:52', '2018-03-22 20:42:18', '2057a64b-ad94-471c-8e2a-aa8663f54c4f'),
 ('15', '15', '69', 'Historical Media', 'historicalMedia', '1', 'Title', NULL, '1', '2018-03-22 01:20:25', '2018-03-22 20:46:37', '196433da-2661-4aa1-abb8-8b6d9822021e');



DROP TABLE IF EXISTS `craft_entryversions`;


--
-- Schema for table `craft_entryversions`
--
CREATE TABLE `craft_entryversions` (
  `id` int(11) NOT NULL AUTO_INCREMENT,
  `entryId` int(11) NOT NULL,
  `sectionId` int(11) NOT NULL,
  `creatorId` int(11) DEFAULT NULL,
  `locale` char(12) COLLATE utf8_unicode_ci NOT NULL,
  `num` smallint(6) unsigned NOT NULL,
  `notes` tinytext COLLATE utf8_unicode_ci,
  `data` mediumtext COLLATE utf8_unicode_ci NOT NULL,
  `dateCreated` datetime NOT NULL,
  `dateUpdated` datetime NOT NULL,
  `uid` char(36) COLLATE utf8_unicode_ci NOT NULL DEFAULT '0',
  PRIMARY KEY (`id`),
  KEY `craft_entryversions_entryId_locale_idx` (`entryId`,`locale`),
  KEY `craft_entryversions_sectionId_fk` (`sectionId`),
  KEY `craft_entryversions_creatorId_fk` (`creatorId`),
  KEY `craft_entryversions_locale_fk` (`locale`)
) ENGINE=InnoDB AUTO_INCREMENT=27 DEFAULT CHARSET=utf8 COLLATE=utf8_unicode_ci;

--
-- Data for table `craft_entryversions`
--

INSERT INTO `craft_entryversions` (`id`, `entryId`, `sectionId`, `creatorId`, `locale`, `num`, `notes`, `data`, `dateCreated`, `dateUpdated`, `uid`) VALUES
 ('1', '2', '1', '1', 'en_us', '1', NULL, '{\"typeId\":\"1\",\"authorId\":null,\"title\":\"Homepage\",\"slug\":\"homepage\",\"postDate\":1515620083,\"expiryDate\":null,\"enabled\":1,\"parentId\":null,\"fields\":[]}', '2018-01-10 21:34:43', '2018-01-10 21:34:43', 'c45e1d04-00a2-40c2-8eac-addcfdb59ee2'),
 ('2', '2', '1', '1', 'en_us', '2', NULL, '{\"typeId\":null,\"authorId\":null,\"title\":\"Welcome to Khs.ideabasekent.com!\",\"slug\":\"homepage\",\"postDate\":1515620083,\"expiryDate\":null,\"enabled\":\"1\",\"parentId\":null,\"fields\":{\"1\":\"<p>It\\u2019s true, this site doesn\\u2019t have a whole lot of content yet, but don\\u2019t worry. Our web developers have just installed the CMS, and they\\u2019re setting things up for the content editors this very moment. Soon Khs.ideabasekent.com will be an oasis of fresh perspectives, sharp analyses, and astute opinions that will keep you coming back again and again.<\\/p>\"}}', '2018-01-10 21:34:43', '2018-01-10 21:34:43', '87710865-3ca7-4438-9293-5d2571281f9a'),
 ('3', '3', '2', '1', 'en_us', '1', NULL, '{\"typeId\":\"2\",\"authorId\":\"1\",\"title\":\"We just installed Craft!\",\"slug\":\"we-just-installed-craft\",\"postDate\":1515620083,\"expiryDate\":null,\"enabled\":1,\"parentId\":null,\"fields\":[]}', '2018-01-10 21:34:43', '2018-01-10 21:34:43', '3525d324-86f1-4d67-8d30-f1ba4eea8443'),
 ('4', '2', '1', '1', 'en_us', '3', '', '{\"typeId\":null,\"authorId\":null,\"title\":\"Welcome to Khs.ideabasekent.com!\",\"slug\":\"homepage\",\"postDate\":1515620083,\"expiryDate\":null,\"enabled\":1,\"parentId\":null,\"fields\":{\"1\":\"<p><strong>kljfdsljkfjklsdfjdsf<\\/strong><\\/p><p>d<\\/p><p>jdklsfjskdlfjkl<\\/p><p>It\\u2019s true, this site doesn\\u2019t have a whole lot of content yet, but don\\u2019t worry. Our web developers have just installed the CMS, and they\\u2019re setting things up for the content editors this very moment. Soon Khs.ideabasekent.com will be an oasis of fresh perspectives, sharp analyses, and astute opinions that will keep you coming back again and again.<\\/p>\"}}', '2018-01-30 21:12:46', '2018-01-30 21:12:46', '3500967a-cd96-4b99-b9d9-dbb5885ec992'),
 ('5', '2', '1', '1', 'en_us', '4', '', '{\"typeId\":null,\"authorId\":null,\"title\":\"Welcome to Khs.ideabasekent.com!\",\"slug\":\"homepage\",\"postDate\":1515620083,\"expiryDate\":null,\"enabled\":1,\"parentId\":null,\"fields\":{\"1\":\"<p><strong>kljfdsljkfjklsdfjdsf<\\/strong><\\/p>\\r\\n<p>d<\\/p>\\r\\n<p><strong><em>jdklsfjskdlfjkl<\\/em><\\/strong><\\/p>\\r\\n<p>It\\u2019s true, this site doesn\\u2019t have a whole lot of content yet, but don\\u2019t worry. Our web developers have just installed the CMS, and they\\u2019re setting things up for the content editors this very moment. Soon Khs.ideabasekent.com will be an oasis of fresh perspectives, sharp analyses, and astute opinions that will keep you coming back again and again.<\\/p>\"}}', '2018-01-30 21:13:15', '2018-01-30 21:13:15', '4f1d7e1b-2702-4d54-b84b-7471fe84d9f6'),
 ('6', '2', '1', '1', 'en_us', '5', '', '{\"typeId\":null,\"authorId\":null,\"title\":\"Welcome to Khs.ideabasekent.com!\",\"slug\":\"homepage\",\"postDate\":1515620083,\"expiryDate\":null,\"enabled\":1,\"parentId\":null,\"fields\":{\"1\":\"<p><strong>best website EVER<\\/strong><\\/p>\\r\\n<p>d<\\/p>\\r\\n<p>jdklsfjskdlfjkl<\\/p>\\r\\n<p>It\\u2019s true, this site doesn\\u2019t have a whole lot of content yet, but don\\u2019t worry. Our web developers have just installed the CMS, and they\\u2019re setting things up for the content editors this very moment. Soon Khs.ideabasekent.com will be an oasis of fresh perspectives, sharp analyses, and astute opinions that will keep you coming back again and again.<\\/p>\"}}', '2018-01-30 21:13:28', '2018-01-30 21:13:28', '619f352c-106a-45e2-95e8-72242496f132'),
 ('7', '2', '1', '1', 'en_us', '6', '', '{\"typeId\":null,\"authorId\":null,\"title\":\"Welcome to Khs.ideabasekent.com!\",\"slug\":\"homepage\",\"postDate\":1515620083,\"expiryDate\":null,\"enabled\":1,\"parentId\":null,\"fields\":{\"1\":\"<p><strong>kljfdsljkfjklsdfjdsf<\\/strong><\\/p>\\r\\n<p>d<\\/p>\\r\\n<p><strong><em>jdklsfjskdlfjkl<\\/em><\\/strong><\\/p>\\r\\n<p>It\\u2019s true, this site doesn\\u2019t have a whole lot of content yet, but don\\u2019t worry. Our web developers have just installed the CMS, and they\\u2019re setting things up for the content editors this very moment. Soon Khs.ideabasekent.com will be an oasis of fresh perspectives, sharp analyses, and astute opinions that will keep you coming back again and again.<\\/p>\"}}', '2018-01-30 21:13:36', '2018-01-30 21:13:36', '3eb3003a-eb79-4e07-8f3f-39620126923a'),
 ('8', '4', '2', '1', 'en_us', '1', '', '{\"typeId\":null,\"authorId\":\"1\",\"title\":\"Test\",\"slug\":\"test\",\"postDate\":1517346838,\"expiryDate\":null,\"enabled\":1,\"parentId\":null,\"fields\":{\"1\":\"<p>This is a Test<\\/p>\",\"2\":\"\"}}', '2018-01-30 21:13:58', '2018-01-30 21:13:58', 'eaca8063-8fc9-4bdc-b90a-61045f8973ba'),
 ('9', '2', '1', '1', 'en_us', '7', '', '{\"typeId\":null,\"authorId\":null,\"title\":\"Welcome to Khs.ideabasekent.com!\",\"slug\":\"homepage\",\"postDate\":1515620083,\"expiryDate\":null,\"enabled\":1,\"parentId\":null,\"fields\":{\"1\":\"<p>It\\u2019s true, this site doesn\\u2019t have a whole lot of content yet, but don\\u2019t worry. Our web developers have just installed the CMS, and they\\u2019re setting things up for the content editors this very moment. Soon Khs.ideabasekent.com will be an oasis of fresh perspectives, sharp analyses, and astute opinions that will keep you coming back again and again.<br><\\/p>\"}}', '2018-01-30 21:19:30', '2018-01-30 21:19:30', '77cd2714-de93-4c53-9524-5554e5ff1298'),
 ('10', '3', '2', '1', 'en_us', '2', '', '{\"typeId\":\"2\",\"authorId\":\"1\",\"title\":\"We just installed Craft!\",\"slug\":\"we-just-installed-craft\",\"postDate\":1515620040,\"expiryDate\":null,\"enabled\":1,\"parentId\":null,\"fields\":{\"1\":\"<p>Craft is the CMS that\\u2019s powering Khs.ideabasekent.com. It\\u2019s beautiful, powerful, flexible, and easy-to-use, and it\\u2019s made by Pixel & Tonic. We can\\u2019t wait to dive in and see what it\\u2019s capable of!<\\/p>\\r\\n<hr class=\\\"redactor_pagebreak\\\" style=\\\"display:none\\\" unselectable=\\\"on\\\" contenteditable=\\\"false\\\">\\r\\n<p>This is even more captivating content, which you couldn\\u2019t see on the News index page because it was entered after a Page Break, and the News index template only likes to show the content on the first page.<\\/p>\\r\\n<p>Craft: a nice alternative to Word, if you\\u2019re making a website.<\\/p>\",\"3\":\"This is the subheadline\",\"2\":\"\"}}', '2018-03-01 20:41:31', '2018-03-01 20:41:31', 'b4460a1b-afeb-4bd8-a742-7950d2d33474'),
 ('11', '2', '1', '1', 'en_us', '8', '', '{\"typeId\":null,\"authorId\":null,\"title\":\"Home\",\"slug\":\"homepage\",\"postDate\":1515620083,\"expiryDate\":null,\"enabled\":1,\"parentId\":null,\"fields\":{\"1\":\"<p>It\\u2019s true, this site doesn\\u2019t have a whole lot of content yet, but don\\u2019t worry. Our web developers have just installed the CMS, and they\\u2019re setting things up for the content editors this very moment. Soon Khs.ideabasekent.com will be an oasis of fresh perspectives, sharp analyses, and astute opinions that will keep you coming back again and again.<br><\\/p>\",\"5\":[{\"col1\":\"\",\"col2\":\"\"}],\"6\":\"\",\"4\":\"Test Headline\"}}', '2018-03-15 18:58:40', '2018-03-15 18:58:40', '2e886a1d-a498-4524-8f53-98d307c0446a'),
 ('12', '2', '1', '1', 'en_us', '9', '', '{\"typeId\":null,\"authorId\":null,\"title\":\"Home\",\"slug\":\"homepage\",\"postDate\":1515620083,\"expiryDate\":null,\"enabled\":1,\"parentId\":null,\"fields\":{\"1\":\"<p>It\\u2019s true, this site doesn\\u2019t have a whole lot of content yet, but don\\u2019t worry. Our web developers have just installed the CMS, and they\\u2019re setting things up for the content editors this very moment. Soon Khs.ideabasekent.com will be an oasis of fresh perspectives, sharp analyses, and astute opinions that will keep you coming back again and again.<br><\\/p>\",\"6\":[\"4\"],\"4\":\"Test Headline\"}}', '2018-03-15 18:59:38', '2018-03-15 18:59:38', '093da45d-efc3-4bbf-b169-2ea3a2d5f73a'),
 ('13', '11', '2', '1', 'en_us', '1', '', '{\"typeId\":null,\"authorId\":\"1\",\"title\":\"Test Entry 2\",\"slug\":\"test-entry-2\",\"postDate\":1521144792,\"expiryDate\":null,\"enabled\":1,\"parentId\":null,\"fields\":{\"1\":\"<p>Contrary to popular belief, Lorem Ipsum is not simply random text. It has roots in a piece of classical Latin literature from 45 BC, making it over 2000 years old. Richard McClintock, a Latin professor at Hampden-Sydney College in Virginia, looked up one of the more obscure Latin words, consectetur, from a Lorem Ipsum passage, and going through the cites of the word in classical literature, discovered the undoubtable source. Lorem Ipsum comes from sections 1.10.32 and 1.10.33 of \\\"de Finibus Bonorum et Malorum\\\" (The Extremes of Good and Evil) by Cicero, written in 45 BC. This book is a treatise on the theory of ethics, very popular during the Renaissance. The first line of Lorem Ipsum, \\\"Lorem ipsum dolor sit amet..\\\", comes from a line in section 1.10.32.<\\/p>\\r\\n<p>The standard chunk of Lorem Ipsum used since the 1500s is reproduced below for those interested. Sections 1.10.32 and 1.10.33 from \\\"de Finibus Bonorum et Malorum\\\" by Cicero are also reproduced in their exact original form, accompanied by English versions from the 1914 translation by H. Rackham.<\\/p><p>Contrary to popular belief, Lorem Ipsum is not simply random text. It has roots in a piece of classical Latin literature from 45 BC, making it over 2000 years old. Richard McClintock, a Latin professor at Hampden-Sydney College in Virginia, looked up one of the more obscure Latin words, consectetur, from a Lorem Ipsum passage, and going through the cites of the word in classical literature, discovered the undoubtable source. Lorem Ipsum comes from sections 1.10.32 and 1.10.33 of \\\"de Finibus Bonorum et Malorum\\\" (The Extremes of Good and Evil) by Cicero, written in 45 BC. This book is a treatise on the theory of ethics, very popular during the Renaissance. The first line of Lorem Ipsum, \\\"Lorem ipsum dolor sit amet..\\\", comes from a line in section 1.10.32.<\\/p>\\r\\n<p>The standard chunk of Lorem Ipsum used since the 1500s is reproduced below for those interested. Sections 1.10.32 and 1.10.33 from \\\"de Finibus Bonorum et Malorum\\\" by Cicero are also reproduced in their exact original form, accompanied by English versions from the 1914 translation by H. Rackham.<\\/p>\",\"3\":\"This is the second test entry.\",\"2\":\"\"}}', '2018-03-15 20:13:12', '2018-03-15 20:13:12', '3a35b935-5712-471c-9e23-03856bfba493'),
 ('14', '12', '2', '1', 'en_us', '1', '', '{\"typeId\":null,\"authorId\":\"1\",\"title\":\"Test Entry 3\",\"slug\":\"test-entry-3\",\"postDate\":1521144819,\"expiryDate\":null,\"enabled\":1,\"parentId\":null,\"fields\":{\"1\":\"<p>Contrary to popular belief, Lorem Ipsum is not simply random text. It has roots in a piece of classical Latin literature from 45 BC, making it over 2000 years old. Richard McClintock, a Latin professor at Hampden-Sydney College in Virginia, looked up one of the more obscure Latin words, consectetur, from a Lorem Ipsum passage, and going through the cites of the word in classical literature, discovered the undoubtable source. Lorem Ipsum comes from sections 1.10.32 and 1.10.33 of \\\"de Finibus Bonorum et Malorum\\\" (The Extremes of Good and Evil) by Cicero, written in 45 BC. This book is a treatise on the theory of ethics, very popular during the Renaissance. The first line of Lorem Ipsum, \\\"Lorem ipsum dolor sit amet..\\\", comes from a line in section 1.10.32.<\\/p>\\r\\n<p>The standard chunk of Lorem Ipsum used since the 1500s is reproduced below for those interested. Sections 1.10.32 and 1.10.33 from \\\"de Finibus Bonorum et Malorum\\\" by Cicero are also reproduced in their exact original form, accompanied by English versions from the 1914 translation by H. Rackham.<\\/p><p>Contrary to popular belief, Lorem Ipsum is not simply random text. It has roots in a piece of classical Latin literature from 45 BC, making it over 2000 years old. Richard McClintock, a Latin professor at Hampden-Sydney College in Virginia, looked up one of the more obscure Latin words, consectetur, from a Lorem Ipsum passage, and going through the cites of the word in classical literature, discovered the undoubtable source. Lorem Ipsum comes from sections 1.10.32 and 1.10.33 of \\\"de Finibus Bonorum et Malorum\\\" (The Extremes of Good and Evil) by Cicero, written in 45 BC. This book is a treatise on the theory of ethics, very popular during the Renaissance. The first line of Lorem Ipsum, \\\"Lorem ipsum dolor sit amet..\\\", comes from a line in section 1.10.32.<\\/p>\\r\\n<p>The standard chunk of Lorem Ipsum used since the 1500s is reproduced below for those interested. Sections 1.10.32 and 1.10.33 from \\\"de Finibus Bonorum et Malorum\\\" by Cicero are also reproduced in their exact original form, accompanied by English versions from the 1914 translation by H. Rackham.<\\/p>\",\"3\":\"This is the third test entry.\",\"2\":\"\"}}', '2018-03-15 20:13:39', '2018-03-15 20:13:39', 'a501d125-d71a-43ec-9878-b8f0fd7a854e'),
 ('15', '2', '1', '1', 'en_us', '10', '', '{\"typeId\":null,\"authorId\":null,\"title\":\"Home\",\"slug\":\"homepage\",\"postDate\":1515620083,\"expiryDate\":null,\"enabled\":1,\"parentId\":null,\"fields\":{\"1\":\"<p>It\\u2019s true, this site doesn\\u2019t have a whole lot of content yet, but don\\u2019t worry. Our web developers have just installed the CMS, and they\\u2019re setting things up for the content editors this very moment. Soon Khs.ideabasekent.com will be an oasis of fresh perspectives, sharp analyses, and astute opinions that will keep you coming back again and again.<br><\\/p>\",\"6\":[\"4\",\"12\"],\"4\":\"Test Headline\"}}', '2018-03-15 20:18:10', '2018-03-15 20:18:10', '71953a07-4d12-4031-b206-c3afc40e5e48'),
 ('16', '13', '3', '1', 'en_us', '1', NULL, '{\"typeId\":\"3\",\"authorId\":null,\"title\":\"About Page\",\"slug\":\"about-page\",\"postDate\":1521591328,\"expiryDate\":null,\"enabled\":1,\"parentId\":null,\"fields\":[]}', '2018-03-21 00:15:28', '2018-03-21 00:15:28', 'e2237f8a-b1f4-482f-ab71-1831873ab40f'),
 ('17', '14', '4', '1', 'en_us', '1', NULL, '{\"typeId\":\"4\",\"authorId\":null,\"title\":\"Collections And Resources\",\"slug\":\"collections-and-resources\",\"postDate\":1521591626,\"expiryDate\":null,\"enabled\":1,\"parentId\":null,\"fields\":[]}', '2018-03-21 00:20:26', '2018-03-21 00:20:26', 'd99e4c0d-a344-4db1-85e7-3a0a497f761d'),
 ('18', '15', '5', '1', 'en_us', '1', NULL, '{\"typeId\":\"5\",\"authorId\":null,\"title\":\"Donate\",\"slug\":\"donate\",\"postDate\":1521591655,\"expiryDate\":null,\"enabled\":1,\"parentId\":null,\"fields\":[]}', '2018-03-21 00:20:56', '2018-03-21 00:20:56', 'f0deb830-097e-42b6-9691-e3b6acb6ffcc'),
 ('19', '16', '6', '1', 'en_us', '1', NULL, '{\"typeId\":\"6\",\"authorId\":null,\"title\":\"Join\",\"slug\":\"join\",\"postDate\":1521591670,\"expiryDate\":null,\"enabled\":1,\"parentId\":null,\"fields\":[]}', '2018-03-21 00:21:10', '2018-03-21 00:21:10', '386a959e-cce0-45e3-91ba-51be479461ce'),
 ('20', '17', '7', '1', 'en_us', '1', NULL, '{\"typeId\":\"7\",\"authorId\":null,\"title\":\"Our Home\",\"slug\":\"our-home\",\"postDate\":1521591692,\"expiryDate\":null,\"enabled\":1,\"parentId\":null,\"fields\":[]}', '2018-03-21 00:21:32', '2018-03-21 00:21:32', '9121cb68-f249-4be5-95c9-0d4d8e54554e'),
 ('21', '18', '9', '1', 'en_us', '1', NULL, '{\"typeId\":\"9\",\"authorId\":null,\"title\":\"Shop\",\"slug\":\"shop\",\"postDate\":1521591726,\"expiryDate\":null,\"enabled\":1,\"parentId\":null,\"fields\":[]}', '2018-03-21 00:22:06', '2018-03-21 00:22:06', '92344744-4525-4b81-98b1-31326fc2761f'),
 ('22', '19', '10', '1', 'en_us', '1', NULL, '{\"typeId\":\"10\",\"authorId\":null,\"title\":\"Support\",\"slug\":\"support\",\"postDate\":1521591738,\"expiryDate\":null,\"enabled\":1,\"parentId\":null,\"fields\":[]}', '2018-03-21 00:22:18', '2018-03-21 00:22:18', '8797bf44-59c3-4088-9acb-b310297738f0'),
 ('23', '20', '8', '1', 'en_us', '1', NULL, '{\"typeId\":\"8\",\"authorId\":null,\"title\":\"Plan Your Visit\",\"slug\":\"plan-your-visit\",\"postDate\":1521591780,\"expiryDate\":null,\"enabled\":1,\"parentId\":null,\"fields\":[]}', '2018-03-21 00:23:01', '2018-03-21 00:23:01', '3e7bcc57-39e4-4bca-b08f-cbc9a99d1bfc'),
 ('24', '21', '11', '1', 'en_us', '1', NULL, '{\"typeId\":\"11\",\"authorId\":null,\"title\":\"Volunteer\",\"slug\":\"volunteer\",\"postDate\":1521591825,\"expiryDate\":null,\"enabled\":1,\"parentId\":null,\"fields\":[]}', '2018-03-21 00:23:45', '2018-03-21 00:23:45', '9a131530-b8f0-42b9-bdee-005aebab890c'),
 ('25', '13', '3', '1', 'en_us', '2', '', '{\"typeId\":\"3\",\"authorId\":null,\"title\":\"About Page\",\"slug\":\"about-page\",\"postDate\":1522960060,\"expiryDate\":null,\"enabled\":1,\"parentId\":null,\"fields\":{\"15\":\"\",\"18\":[\"46\"],\"37\":{\"seoMainEntityCategory\":\"CreativeWork\",\"seoMainEntityOfPage\":\"WebPage\",\"seoTitleSource\":\"field\",\"seoTitleSourceField\":\"title\",\"seoTitleUnparsed\":\"About Page\",\"seoDescriptionSource\":\"field\",\"seoDescriptionSourceField\":\"title\",\"seoDescriptionUnparsed\":\"About Page\",\"seoKeywordsSource\":\"custom\",\"seoKeywordsSourceField\":\"title\",\"seoKeywordsUnparsed\":\"\",\"seoImageIdSource\":\"field\",\"seoImageIdSourceField\":\"featureImage\",\"seoImageId\":\"\",\"seoImageTransform\":\"\",\"twitterCardType\":\"\",\"seoTwitterImageIdSource\":\"custom\",\"seoTwitterImageIdSourceField\":\"featureImage\",\"seoTwitterImageId\":\"\",\"seoTwitterImageTransform\":\"\",\"openGraphType\":\"\",\"seoFacebookImageIdSource\":\"custom\",\"seoFacebookImageIdSourceField\":\"featureImage\",\"seoFacebookImageId\":\"\",\"seoFacebookImageTransform\":\"\",\"robots\":\"\"}}}', '2018-04-05 20:30:05', '2018-04-05 20:30:05', '05636b91-f408-41d7-9d89-b526d7c3585f'),
 ('26', '13', '3', '1', 'en_us', '3', '', '{\"typeId\":\"3\",\"authorId\":null,\"title\":\"About Page\",\"slug\":\"about-page\",\"postDate\":1522960060,\"expiryDate\":null,\"enabled\":1,\"parentId\":null,\"fields\":{\"15\":\"fdsfdsfdsfds\",\"18\":[\"46\"],\"37\":{\"seoMainEntityCategory\":\"CreativeWork\",\"seoMainEntityOfPage\":\"WebPage\",\"seoTitleSource\":\"field\",\"seoTitleSourceField\":\"title\",\"seoTitleUnparsed\":\"About Page\",\"seoDescriptionSource\":\"field\",\"seoDescriptionSourceField\":\"title\",\"seoDescriptionUnparsed\":\"About Page\",\"seoKeywordsSource\":\"custom\",\"seoKeywordsSourceField\":\"title\",\"seoKeywordsUnparsed\":\"\",\"seoImageIdSource\":\"field\",\"seoImageIdSourceField\":\"featureImage\",\"seoImageId\":[\"46\"],\"seoImageTransform\":\"\",\"twitterCardType\":\"\",\"seoTwitterImageIdSource\":\"custom\",\"seoTwitterImageIdSourceField\":\"featureImage\",\"seoTwitterImageId\":\"\",\"seoTwitterImageTransform\":\"\",\"openGraphType\":\"\",\"seoFacebookImageIdSource\":\"custom\",\"seoFacebookImageIdSourceField\":\"featureImage\",\"seoFacebookImageId\":\"\",\"seoFacebookImageTransform\":\"\",\"robots\":\"\"}}}', '2018-04-05 20:30:22', '2018-04-05 20:30:22', '4c67134f-5821-4870-8743-b522c008dae8');



DROP TABLE IF EXISTS `craft_fieldgroups`;


--
-- Schema for table `craft_fieldgroups`
--
CREATE TABLE `craft_fieldgroups` (
  `id` int(11) NOT NULL AUTO_INCREMENT,
  `name` varchar(255) COLLATE utf8_unicode_ci NOT NULL,
  `dateCreated` datetime NOT NULL,
  `dateUpdated` datetime NOT NULL,
  `uid` char(36) COLLATE utf8_unicode_ci NOT NULL DEFAULT '0',
  PRIMARY KEY (`id`),
  UNIQUE KEY `craft_fieldgroups_name_unq_idx` (`name`)
) ENGINE=InnoDB AUTO_INCREMENT=11 DEFAULT CHARSET=utf8 COLLATE=utf8_unicode_ci;

--
-- Data for table `craft_fieldgroups`
--

INSERT INTO `craft_fieldgroups` (`id`, `name`, `dateCreated`, `dateUpdated`, `uid`) VALUES
 ('1', 'Default', '2018-01-10 21:34:43', '2018-01-10 21:34:43', '82dbd15d-2654-4059-84c3-055143246f6e'),
 ('2', 'Globals', '2018-03-15 18:46:17', '2018-03-15 18:46:17', '0543a63a-5254-4ad1-ac5f-17557841806c'),
 ('3', 'About', '2018-03-21 00:02:26', '2018-03-21 00:02:26', '4c1bf4d5-1cdb-452c-a3ad-677c82f2d3f3'),
 ('4', 'Events', '2018-03-22 00:49:32', '2018-03-22 00:49:32', '02a1d2fd-80f8-48a2-a8c8-5c15be0195e3'),
 ('5', 'Exhibits', '2018-03-22 01:04:00', '2018-03-22 01:04:15', 'b48e8d5e-03c3-44e7-9879-0daf22e17efa'),
 ('6', 'Historical Media', '2018-03-22 01:07:31', '2018-03-22 01:07:31', 'c33ab589-1fb7-462e-817d-373bfbc5da54'),
 ('7', 'Shop', '2018-03-22 20:34:57', '2018-03-22 20:34:57', '9c985cad-1beb-4834-a4c8-c79c2bf45523'),
 ('8', 'SEO', '2018-03-22 20:39:02', '2018-03-22 20:39:02', 'c24e201e-f377-43b5-9ee2-61df7ceee1c7'),
 ('9', 'Plan Your Visit', '2018-03-22 20:52:48', '2018-03-22 20:52:48', '873baa8e-b378-42da-ae48-147a6cd2bb71'),
 ('10', 'Collections And Resources', '2018-03-22 20:53:21', '2018-03-22 20:53:21', 'e4760dae-1b13-447d-b450-1714ad52c425');



DROP TABLE IF EXISTS `craft_fieldlayoutfields`;


--
-- Schema for table `craft_fieldlayoutfields`
--
CREATE TABLE `craft_fieldlayoutfields` (
  `id` int(11) NOT NULL AUTO_INCREMENT,
  `layoutId` int(11) NOT NULL,
  `tabId` int(11) NOT NULL,
  `fieldId` int(11) NOT NULL,
  `required` tinyint(1) unsigned NOT NULL DEFAULT '0',
  `sortOrder` smallint(6) unsigned DEFAULT NULL,
  `dateCreated` datetime NOT NULL,
  `dateUpdated` datetime NOT NULL,
  `uid` char(36) COLLATE utf8_unicode_ci NOT NULL DEFAULT '0',
  PRIMARY KEY (`id`),
  UNIQUE KEY `craft_fieldlayoutfields_layoutId_fieldId_unq_idx` (`layoutId`,`fieldId`),
  KEY `craft_fieldlayoutfields_sortOrder_idx` (`sortOrder`),
  KEY `craft_fieldlayoutfields_tabId_fk` (`tabId`),
  KEY `craft_fieldlayoutfields_fieldId_fk` (`fieldId`)
) ENGINE=InnoDB AUTO_INCREMENT=207 DEFAULT CHARSET=utf8 COLLATE=utf8_unicode_ci;

--
-- Data for table `craft_fieldlayoutfields`
--

INSERT INTO `craft_fieldlayoutfields` (`id`, `layoutId`, `tabId`, `fieldId`, `required`, `sortOrder`, `dateCreated`, `dateUpdated`, `uid`) VALUES
 ('15', '11', '6', '10', '0', '1', '2018-03-15 18:55:26', '2018-03-15 18:55:26', '6fa9537d-db24-4ccd-8535-58975ff76326'),
 ('16', '12', '7', '5', '0', '1', '2018-03-15 18:55:48', '2018-03-15 18:55:48', '596ae0f8-40cd-4a5d-93cc-3013cf7711a4'),
 ('24', '15', '10', '11', '0', '1', '2018-03-15 19:00:30', '2018-03-15 19:00:30', 'e1bf48b3-8127-450b-b2af-d96cb6222f59'),
 ('25', '15', '10', '12', '0', '2', '2018-03-15 19:00:30', '2018-03-15 19:00:30', 'f6945044-35e8-47b9-917f-2d2904eb79c2'),
 ('26', '15', '10', '9', '0', '3', '2018-03-15 19:00:30', '2018-03-15 19:00:30', '62314f4d-7042-4a46-9134-b926e024ce7f'),
 ('27', '15', '10', '7', '0', '4', '2018-03-15 19:00:30', '2018-03-15 19:00:30', '8fd2eaea-aa85-49c7-9c56-09f45598f6c9'),
 ('28', '15', '10', '8', '0', '5', '2018-03-15 19:00:30', '2018-03-15 19:00:30', '22533406-9753-49db-9c0f-71a33f9562c6'),
 ('29', '16', '11', '13', '0', '1', '2018-03-15 20:09:25', '2018-03-15 20:09:25', '31f4d78e-34c2-4659-813f-2f0b4c937bf8'),
 ('30', '16', '11', '14', '0', '2', '2018-03-15 20:09:25', '2018-03-15 20:09:25', '0eb877c4-82e4-4d15-b1d6-202813eedd90'),
 ('109', '52', '30', '18', '0', '1', '2018-03-22 20:41:04', '2018-03-22 20:41:04', '9fddc378-b882-4fb8-9868-abb105b0ffb2'),
 ('110', '52', '30', '15', '0', '2', '2018-03-22 20:41:04', '2018-03-22 20:41:04', '63f31c65-d319-45f7-afeb-88406903a9c0'),
 ('111', '52', '31', '37', '0', '1', '2018-03-22 20:41:04', '2018-03-22 20:41:04', 'f27fd79d-3502-439f-b1c2-10701a0f8130'),
 ('112', '53', '32', '1', '0', '1', '2018-03-22 20:41:21', '2018-03-22 20:41:21', '32a6e244-d0c9-412a-bbdd-0a953e42883a'),
 ('113', '53', '32', '18', '0', '2', '2018-03-22 20:41:21', '2018-03-22 20:41:21', 'f9cf84f6-15a7-4501-9b1b-83de0089153a'),
 ('114', '53', '32', '23', '0', '3', '2018-03-22 20:41:21', '2018-03-22 20:41:21', '86b1cb0f-313b-491d-b5e0-bd799068e384'),
 ('115', '53', '32', '22', '0', '4', '2018-03-22 20:41:21', '2018-03-22 20:41:21', '2d6464ba-0cc5-4244-8fcf-f18097951c2d'),
 ('116', '53', '32', '26', '0', '5', '2018-03-22 20:41:21', '2018-03-22 20:41:21', '1875237d-bd8e-4c69-95d3-6d456a040b5e'),
 ('117', '53', '33', '37', '0', '1', '2018-03-22 20:41:21', '2018-03-22 20:41:21', 'f4f71998-9329-4a8f-8291-af3957ed03a9'),
 ('118', '54', '34', '17', '0', '1', '2018-03-22 20:41:31', '2018-03-22 20:41:31', '08a358a4-499e-4b03-a366-d7dd8b2de853'),
 ('119', '54', '34', '18', '0', '2', '2018-03-22 20:41:31', '2018-03-22 20:41:31', '90d660d6-8f99-4dd1-bc63-e7ff83547ccb'),
 ('120', '54', '34', '1', '0', '3', '2018-03-22 20:41:31', '2018-03-22 20:41:31', '98d61f1e-8401-42e9-8ded-71fce57c7cdc'),
 ('121', '54', '35', '37', '0', '1', '2018-03-22 20:41:31', '2018-03-22 20:41:31', '29b81b16-1b42-44c2-8a1b-6e9dc1f8640c'),
 ('122', '55', '36', '17', '0', '1', '2018-03-22 20:41:44', '2018-03-22 20:41:44', '1b5e780c-6044-430a-acec-9db802a34655'),
 ('123', '55', '36', '18', '0', '2', '2018-03-22 20:41:44', '2018-03-22 20:41:44', '249c091b-2a1e-4ab4-b549-3d76633d37ab'),
 ('124', '55', '36', '1', '0', '3', '2018-03-22 20:41:44', '2018-03-22 20:41:44', 'ee46b70f-d98e-4b4a-bedc-d491f18466a6'),
 ('125', '55', '37', '37', '0', '1', '2018-03-22 20:41:44', '2018-03-22 20:41:44', 'cd127ee9-1bb0-415c-b4b6-ecd8ad18439f'),
 ('126', '56', '38', '18', '0', '1', '2018-03-22 20:42:05', '2018-03-22 20:42:05', 'd0e4e0d5-e3b1-4165-bef8-1d46f5089d99'),
 ('127', '56', '38', '22', '0', '2', '2018-03-22 20:42:05', '2018-03-22 20:42:05', '3d6c4c7d-6629-4724-b033-9582d5557051'),
 ('128', '56', '38', '23', '0', '3', '2018-03-22 20:42:05', '2018-03-22 20:42:05', '75ec25e1-50d4-469e-b1c9-bbb01292376b'),
 ('129', '56', '38', '21', '0', '4', '2018-03-22 20:42:05', '2018-03-22 20:42:05', '7ed73641-8a12-4fa3-8df2-03d8da1cfaaa'),
 ('130', '56', '38', '19', '0', '5', '2018-03-22 20:42:05', '2018-03-22 20:42:05', 'b3d9e878-6d64-4f6b-9c44-61d77159a670'),
 ('131', '56', '38', '20', '0', '6', '2018-03-22 20:42:05', '2018-03-22 20:42:05', '1b1069ec-22dc-4e12-99e2-cbbca8fa4d90'),
 ('132', '56', '38', '27', '0', '7', '2018-03-22 20:42:05', '2018-03-22 20:42:05', '3b7383a1-9c31-40e9-94de-55bf83649b30'),
 ('133', '56', '38', '24', '0', '8', '2018-03-22 20:42:05', '2018-03-22 20:42:05', '34aaebbd-a604-4671-b6b0-5022945e9fd7'),
 ('134', '56', '38', '28', '0', '9', '2018-03-22 20:42:05', '2018-03-22 20:42:05', '9271e315-f5f1-46a1-815b-d388dca538de'),
 ('135', '56', '38', '1', '0', '10', '2018-03-22 20:42:05', '2018-03-22 20:42:05', 'fb69c7e7-9dad-4e2e-975c-c55142a3300b'),
 ('136', '56', '39', '37', '0', '1', '2018-03-22 20:42:05', '2018-03-22 20:42:05', 'd55d0b8d-3423-4d3a-a4b7-a9fe3e407304'),
 ('137', '57', '40', '18', '0', '1', '2018-03-22 20:42:18', '2018-03-22 20:42:18', '556fb74b-04b2-48ed-9b21-b62fa0300b2b'),
 ('138', '57', '40', '23', '0', '2', '2018-03-22 20:42:18', '2018-03-22 20:42:18', '09ee9694-f796-4fae-a923-0c7dbb278ad2'),
 ('139', '57', '40', '22', '0', '3', '2018-03-22 20:42:18', '2018-03-22 20:42:18', '2923d8c5-9705-4854-85f8-cfdd2cc592eb'),
 ('140', '57', '40', '30', '0', '4', '2018-03-22 20:42:18', '2018-03-22 20:42:18', '7d8a43bd-bf2d-4a57-b8a9-c6503be238e0'),
 ('141', '57', '40', '29', '0', '5', '2018-03-22 20:42:18', '2018-03-22 20:42:18', '3626f11e-44c4-4e8d-b6ee-a035a82e0e32'),
 ('142', '57', '40', '27', '0', '6', '2018-03-22 20:42:18', '2018-03-22 20:42:18', 'ebd64c84-9134-4d60-aeda-7d865c017122'),
 ('143', '57', '41', '37', '0', '1', '2018-03-22 20:42:18', '2018-03-22 20:42:18', '9d929217-b9d7-4889-9843-d43ea2a6e30c'),
 ('153', '59', '44', '4', '0', '1', '2018-03-22 20:42:44', '2018-03-22 20:42:44', 'b66d7350-d46c-4561-93b4-c9e1dad5fdb6'),
 ('154', '59', '44', '1', '1', '2', '2018-03-22 20:42:44', '2018-03-22 20:42:44', 'ae9275e1-11a4-4bba-8b5f-85fd26d0b2cd'),
 ('155', '59', '44', '6', '0', '3', '2018-03-22 20:42:44', '2018-03-22 20:42:44', 'fbd12f69-4230-4675-9e8c-2e94c4fea0d2'),
 ('156', '59', '45', '37', '0', '1', '2018-03-22 20:42:44', '2018-03-22 20:42:44', 'b557bcf3-6e97-4506-9486-7d40da911799'),
 ('161', '61', '48', '17', '0', '1', '2018-03-22 20:42:59', '2018-03-22 20:42:59', '24934714-0f0e-433f-bd77-24dd9ccf3322'),
 ('162', '61', '48', '18', '0', '2', '2018-03-22 20:42:59', '2018-03-22 20:42:59', '1124b7da-229d-4483-835b-14037ac06b62'),
 ('163', '61', '48', '1', '0', '3', '2018-03-22 20:42:59', '2018-03-22 20:42:59', '25c3f821-5ff5-4e7e-914d-47ac5176f864'),
 ('164', '61', '49', '37', '0', '1', '2018-03-22 20:42:59', '2018-03-22 20:42:59', '5dfaa2cb-c079-4eee-a94d-021bf94005c9'),
 ('165', '62', '50', '3', '0', '1', '2018-03-22 20:43:10', '2018-03-22 20:43:10', 'c7bab3ee-a57e-47e9-94f2-84a6a950a961'),
 ('166', '62', '50', '1', '1', '2', '2018-03-22 20:43:10', '2018-03-22 20:43:10', '2c8ef571-3e37-4da3-ad76-8f95076ad42d'),
 ('167', '62', '50', '2', '0', '3', '2018-03-22 20:43:10', '2018-03-22 20:43:10', 'bd28f692-b099-4cb5-983c-84ce4b46e11e'),
 ('168', '62', '51', '37', '0', '1', '2018-03-22 20:43:10', '2018-03-22 20:43:10', '1301ff1e-c266-47d1-a981-1426a628af4d'),
 ('177', '64', '54', '17', '0', '1', '2018-03-22 20:43:23', '2018-03-22 20:43:23', '8306226e-b902-41db-8df3-8e9f261af586'),
 ('178', '64', '54', '18', '0', '2', '2018-03-22 20:43:23', '2018-03-22 20:43:23', 'c53e3b53-5383-4391-add8-67b80802230e'),
 ('179', '64', '54', '16', '0', '3', '2018-03-22 20:43:23', '2018-03-22 20:43:23', '129e83b1-ee3a-40b4-84af-5c9f68f96a54'),
 ('180', '64', '55', '37', '0', '1', '2018-03-22 20:43:23', '2018-03-22 20:43:23', 'c6cbb3b4-53c1-4a82-93df-6d698522bbed'),
 ('181', '65', '56', '17', '0', '1', '2018-03-22 20:43:33', '2018-03-22 20:43:33', '68b5d15e-ebb7-48d9-b3ce-793405e8cf7c'),
 ('182', '65', '56', '18', '0', '2', '2018-03-22 20:43:33', '2018-03-22 20:43:33', 'd070f8c5-2078-41af-b015-e66e3f1b98ee'),
 ('183', '65', '56', '1', '0', '3', '2018-03-22 20:43:33', '2018-03-22 20:43:33', '708ed3e2-179a-4462-8b66-0b4dfe0ccd36'),
 ('184', '65', '57', '37', '0', '1', '2018-03-22 20:43:33', '2018-03-22 20:43:33', 'de442987-7f11-403c-a054-3789e28a18ea'),
 ('185', '66', '58', '17', '0', '1', '2018-03-22 20:43:42', '2018-03-22 20:43:42', 'b6b0664c-3699-411a-bfe5-e3234f0fff93'),
 ('186', '66', '58', '18', '0', '2', '2018-03-22 20:43:42', '2018-03-22 20:43:42', 'dcfa0ff2-4f8d-44b9-ac17-48addd5495c6'),
 ('187', '66', '58', '1', '0', '3', '2018-03-22 20:43:42', '2018-03-22 20:43:42', 'f8899d72-a48f-446f-89e1-e3d979975bdd'),
 ('188', '66', '59', '37', '0', '1', '2018-03-22 20:43:42', '2018-03-22 20:43:42', '61580f7b-f3c5-469e-bf5c-b9b17d3e565a'),
 ('189', '67', '60', '17', '0', '1', '2018-03-22 20:43:51', '2018-03-22 20:43:51', '794a8d2d-9faa-417f-842e-6bb97e2f7cc9'),
 ('190', '67', '60', '18', '0', '2', '2018-03-22 20:43:51', '2018-03-22 20:43:51', 'be6d88a9-1816-4a9f-84cc-7fd721311309'),
 ('191', '67', '60', '1', '0', '3', '2018-03-22 20:43:51', '2018-03-22 20:43:51', '63b65812-b878-4e98-8889-320396a8c2ac'),
 ('192', '67', '61', '37', '0', '1', '2018-03-22 20:43:51', '2018-03-22 20:43:51', '2442cc1f-1bb3-4fca-a85b-2da1ba45d9e0'),
 ('193', '68', '62', '17', '0', '1', '2018-03-22 20:44:00', '2018-03-22 20:44:00', 'ed3ec687-5d6b-4ba9-8756-d4fe67962a4a'),
 ('194', '68', '62', '18', '0', '2', '2018-03-22 20:44:00', '2018-03-22 20:44:00', 'cf88848d-cad8-4147-adc3-d8245d78e11e'),
 ('195', '68', '62', '1', '0', '3', '2018-03-22 20:44:00', '2018-03-22 20:44:00', '935946bf-e353-42d3-8115-470d8dfa49be'),
 ('196', '68', '63', '37', '0', '1', '2018-03-22 20:44:00', '2018-03-22 20:44:00', '7109f28e-a6ba-417e-8e4b-6947ab8a8c77'),
 ('197', '69', '64', '21', '0', '1', '2018-03-22 20:46:37', '2018-03-22 20:46:37', 'f1464149-2f77-42ba-a47a-917161e00ed6'),
 ('198', '69', '64', '34', '0', '2', '2018-03-22 20:46:37', '2018-03-22 20:46:37', '32d3b2c8-f959-4cb3-b630-555b7ab4dc24'),
 ('199', '69', '64', '33', '0', '3', '2018-03-22 20:46:37', '2018-03-22 20:46:37', '412b56ba-7803-4fef-9546-3222a4714c9e'),
 ('200', '69', '64', '38', '0', '4', '2018-03-22 20:46:37', '2018-03-22 20:46:37', '0c955c69-c8dc-4d5a-a5d0-1102feb1b6d8'),
 ('201', '69', '64', '26', '0', '5', '2018-03-22 20:46:37', '2018-03-22 20:46:37', 'b3c4c7c6-5868-4159-a713-20bae7af5054'),
 ('202', '69', '64', '23', '0', '6', '2018-03-22 20:46:37', '2018-03-22 20:46:37', 'a7ba1776-34b9-4806-9eb5-245f3c90c64e'),
 ('203', '69', '64', '22', '0', '7', '2018-03-22 20:46:37', '2018-03-22 20:46:37', '2196ac4a-b6f6-41e8-9540-307c0441cdcc'),
 ('204', '69', '64', '25', '0', '8', '2018-03-22 20:46:37', '2018-03-22 20:46:37', 'dbb702d0-d9e4-4f80-8f4c-4dd63f9bccc7'),
 ('205', '69', '65', '31', '0', '1', '2018-03-22 20:46:37', '2018-03-22 20:46:37', '5fe62bc3-c8fc-4bba-8b27-dad646a09bd0'),
 ('206', '69', '65', '32', '0', '2', '2018-03-22 20:46:37', '2018-03-22 20:46:37', 'a3931a95-f194-4a4f-839d-3322e8306de0');



DROP TABLE IF EXISTS `craft_fieldlayouts`;


--
-- Schema for table `craft_fieldlayouts`
--
CREATE TABLE `craft_fieldlayouts` (
  `id` int(11) NOT NULL AUTO_INCREMENT,
  `type` varchar(150) COLLATE utf8_unicode_ci NOT NULL,
  `dateCreated` datetime NOT NULL,
  `dateUpdated` datetime NOT NULL,
  `uid` char(36) COLLATE utf8_unicode_ci NOT NULL DEFAULT '0',
  PRIMARY KEY (`id`),
  KEY `craft_fieldlayouts_type_idx` (`type`)
) ENGINE=InnoDB AUTO_INCREMENT=76 DEFAULT CHARSET=utf8 COLLATE=utf8_unicode_ci;

--
-- Data for table `craft_fieldlayouts`
--

INSERT INTO `craft_fieldlayouts` (`id`, `type`, `dateCreated`, `dateUpdated`, `uid`) VALUES
 ('1', 'Tag', '2018-01-10 21:34:43', '2018-01-10 21:34:43', '59aa7a05-19c8-40df-80d7-27069b505591'),
 ('8', 'Asset', '2018-03-15 18:49:41', '2018-03-15 18:49:41', '699bde91-6d14-47c1-baf2-f7c05b48cbb3'),
 ('11', 'GlobalSet', '2018-03-15 18:55:26', '2018-03-15 18:55:26', '7e3a14be-d9ad-40bd-92bb-427d87d95c03'),
 ('12', 'GlobalSet', '2018-03-15 18:55:48', '2018-03-15 18:55:48', '8b1a6099-a274-4763-9860-0b04745fdec3'),
 ('15', 'GlobalSet', '2018-03-15 19:00:30', '2018-03-15 19:00:30', 'dd1f54e3-8938-47f4-b5ce-1097860b65bf'),
 ('16', 'MatrixBlock', '2018-03-15 20:09:25', '2018-03-15 20:09:25', 'd7cbbbb4-e65c-4b8a-bfcf-45451139ad86'),
 ('41', 'Category', '2018-03-22 01:23:02', '2018-03-22 01:23:02', 'a7a75264-ed98-461d-916a-f9b28a9692ff'),
 ('42', 'Category', '2018-03-22 01:27:25', '2018-03-22 01:27:25', '67487bcf-1d6b-4ad7-b09f-6e1d7f1a8f10'),
 ('50', 'Category', '2018-03-22 20:19:32', '2018-03-22 20:19:32', 'efbfa374-e1f3-4b39-8071-429be6756795'),
 ('52', 'Entry', '2018-03-22 20:41:04', '2018-03-22 20:41:04', '13fe5c68-25de-4bcc-a06f-b227c257d3ab'),
 ('53', 'Entry', '2018-03-22 20:41:21', '2018-03-22 20:41:21', '005486ab-b4f2-440c-9204-a2bac02a1a90'),
 ('54', 'Entry', '2018-03-22 20:41:31', '2018-03-22 20:41:31', 'e34c7b6e-9f5a-47c3-9ce9-17eaa081a7b4'),
 ('55', 'Entry', '2018-03-22 20:41:44', '2018-03-22 20:41:44', '95654374-3265-4275-9442-ebb6464078bd'),
 ('56', 'Entry', '2018-03-22 20:42:05', '2018-03-22 20:42:05', 'c4f332c4-019c-4686-94c1-cdf38bba34f4'),
 ('57', 'Entry', '2018-03-22 20:42:18', '2018-03-22 20:42:18', 'a9d776ac-e9d1-46cb-94b5-d2e2e2acbcce'),
 ('59', 'Entry', '2018-03-22 20:42:44', '2018-03-22 20:42:44', '18dcb37d-5723-4e8e-aa0f-96dbe50d3965'),
 ('61', 'Entry', '2018-03-22 20:42:59', '2018-03-22 20:42:59', '880a1e8c-8a72-47b6-801d-f8be39c62e21'),
 ('62', 'Entry', '2018-03-22 20:43:10', '2018-03-22 20:43:10', '2030b0d6-2760-409f-898d-3f205f600a19'),
 ('64', 'Entry', '2018-03-22 20:43:23', '2018-03-22 20:43:23', '33bcc2fe-4926-4dd2-807e-81325751f425'),
 ('65', 'Entry', '2018-03-22 20:43:33', '2018-03-22 20:43:33', '9ead5ce8-3067-4a61-a2be-cf10340001eb'),
 ('66', 'Entry', '2018-03-22 20:43:42', '2018-03-22 20:43:42', 'ae476239-e45c-49a9-8739-04711c80edd5'),
 ('67', 'Entry', '2018-03-22 20:43:51', '2018-03-22 20:43:51', 'f14b26a7-b1ce-41bf-b5a0-9dcf13890027'),
 ('68', 'Entry', '2018-03-22 20:44:00', '2018-03-22 20:44:00', 'bb829861-94fd-422c-9f6a-ddf5ed05dc38'),
 ('69', 'Entry', '2018-03-22 20:46:37', '2018-03-22 20:46:37', 'c27c91a8-e19a-43c4-8964-7f36b9a3d0cf'),
 ('71', 'Asset', '2018-03-22 20:51:15', '2018-03-22 20:51:15', '05ede97c-7b70-4ff1-9afc-11bd33d960e6'),
 ('74', 'Asset', '2018-03-22 20:56:49', '2018-03-22 20:56:49', '036cae46-10e5-4c96-9552-2770cedfdc8f'),
 ('75', 'Asset', '2018-03-22 20:56:55', '2018-03-22 20:56:55', '80ed0abf-b331-4d89-8bf5-1d08e2110a38');



DROP TABLE IF EXISTS `craft_fieldlayouttabs`;


--
-- Schema for table `craft_fieldlayouttabs`
--
CREATE TABLE `craft_fieldlayouttabs` (
  `id` int(11) NOT NULL AUTO_INCREMENT,
  `layoutId` int(11) NOT NULL,
  `name` varchar(255) COLLATE utf8_unicode_ci NOT NULL,
  `sortOrder` smallint(6) unsigned DEFAULT NULL,
  `dateCreated` datetime NOT NULL,
  `dateUpdated` datetime NOT NULL,
  `uid` char(36) COLLATE utf8_unicode_ci NOT NULL DEFAULT '0',
  PRIMARY KEY (`id`),
  KEY `craft_fieldlayouttabs_sortOrder_idx` (`sortOrder`),
  KEY `craft_fieldlayouttabs_layoutId_fk` (`layoutId`)
) ENGINE=InnoDB AUTO_INCREMENT=66 DEFAULT CHARSET=utf8 COLLATE=utf8_unicode_ci;

--
-- Data for table `craft_fieldlayouttabs`
--

INSERT INTO `craft_fieldlayouttabs` (`id`, `layoutId`, `name`, `sortOrder`, `dateCreated`, `dateUpdated`, `uid`) VALUES
 ('6', '11', 'Content', '1', '2018-03-15 18:55:26', '2018-03-15 18:55:26', 'c6c1cba7-d32d-42cb-acd3-216c8fa77f72'),
 ('7', '12', 'Content', '1', '2018-03-15 18:55:48', '2018-03-15 18:55:48', 'fe354c02-c96e-4d54-8bae-836c39f1972b'),
 ('10', '15', 'Content', '1', '2018-03-15 19:00:30', '2018-03-15 19:00:30', 'dcd1e980-ee5d-4d51-914b-024e27496cf5'),
 ('11', '16', 'Content', '1', '2018-03-15 20:09:25', '2018-03-15 20:09:25', '3d4fd668-7db3-44e1-96a2-334114f12345'),
 ('30', '52', 'About', '1', '2018-03-22 20:41:04', '2018-03-22 20:41:04', '239aae70-6d62-4db2-b4fc-3c4a5e7d0c87'),
 ('31', '52', 'SEO', '2', '2018-03-22 20:41:04', '2018-03-22 20:41:04', 'f0139fc6-9e10-4b1d-843d-2bd92fa80b26'),
 ('32', '53', 'Basic Page', '1', '2018-03-22 20:41:21', '2018-03-22 20:41:21', '7148e85a-eb0e-4348-bcbb-38bfc15cee17'),
 ('33', '53', 'SEO', '2', '2018-03-22 20:41:21', '2018-03-22 20:41:21', '547378e8-1452-4805-80aa-e0121f37d7b0'),
 ('34', '54', 'Default', '1', '2018-03-22 20:41:31', '2018-03-22 20:41:31', '0ea975b5-2d1a-4006-8d01-f10fcb73d6b0'),
 ('35', '54', 'SEO', '2', '2018-03-22 20:41:31', '2018-03-22 20:41:31', '9e979da1-38bb-45f4-b116-2380bf2f46bd'),
 ('36', '55', 'Default', '1', '2018-03-22 20:41:44', '2018-03-22 20:41:44', '2441a3c0-0d79-4013-8ef8-247916070be0'),
 ('37', '55', 'SEO', '2', '2018-03-22 20:41:44', '2018-03-22 20:41:44', '81d4b52a-e4a9-4110-b846-8e79e84b9485'),
 ('38', '56', 'Events', '1', '2018-03-22 20:42:05', '2018-03-22 20:42:05', 'b04863d9-0390-407d-80b3-f2eb676ff5ba'),
 ('39', '56', 'SEO', '2', '2018-03-22 20:42:05', '2018-03-22 20:42:05', 'b2fa0e0e-d035-4e04-8058-d158ccb28cf3'),
 ('40', '57', 'Exhibits', '1', '2018-03-22 20:42:18', '2018-03-22 20:42:18', '14f1e9f7-54a1-4267-802b-06dfc91b500b'),
 ('41', '57', 'SEO', '2', '2018-03-22 20:42:18', '2018-03-22 20:42:18', 'fe07dd0b-1196-40c5-aa1c-79f8c1171448'),
 ('44', '59', 'Content', '1', '2018-03-22 20:42:44', '2018-03-22 20:42:44', '92de1065-55c3-45d1-bd86-825041e1359e'),
 ('45', '59', 'SEO', '2', '2018-03-22 20:42:44', '2018-03-22 20:42:44', '9d3c6a91-3c93-4f10-9799-c8be0ac8ea2d'),
 ('48', '61', 'Default', '1', '2018-03-22 20:42:59', '2018-03-22 20:42:59', '87d095d8-c87c-4899-9822-a3f3c7169e7c'),
 ('49', '61', 'SEO', '2', '2018-03-22 20:42:59', '2018-03-22 20:42:59', 'fe21e185-713b-4d01-94af-b2a7bff6ab76'),
 ('50', '62', 'Content', '1', '2018-03-22 20:43:10', '2018-03-22 20:43:10', '3225a377-afa2-4ea4-9425-f1f9233cc9a5'),
 ('51', '62', 'SEO', '2', '2018-03-22 20:43:10', '2018-03-22 20:43:10', 'c9f7c24b-6598-4369-b66e-4ae8b07d6be4'),
 ('54', '64', 'About', '1', '2018-03-22 20:43:23', '2018-03-22 20:43:23', 'b09bc1c4-7f76-469b-a4de-1f9594ecac17'),
 ('55', '64', 'SEO', '2', '2018-03-22 20:43:23', '2018-03-22 20:43:23', '1ea3bc78-59a3-4aa8-87c7-6df402e4ae8f'),
 ('56', '65', 'Default', '1', '2018-03-22 20:43:33', '2018-03-22 20:43:33', 'ac883671-a6c8-48f8-9336-a730b520faf2'),
 ('57', '65', 'SEO', '2', '2018-03-22 20:43:33', '2018-03-22 20:43:33', '682d6143-56c4-4971-a401-7042fffdde8d'),
 ('58', '66', 'Default', '1', '2018-03-22 20:43:42', '2018-03-22 20:43:42', '89843731-47b4-42d7-8b1c-96d11885573d'),
 ('59', '66', 'SEO', '2', '2018-03-22 20:43:42', '2018-03-22 20:43:42', '0f99e2f1-8e2a-447e-a2b5-4b3dc5b9e9bb'),
 ('60', '67', 'Default', '1', '2018-03-22 20:43:51', '2018-03-22 20:43:51', 'dfc7683a-cead-4ab0-95ba-733b3c1e7583'),
 ('61', '67', 'SEO', '2', '2018-03-22 20:43:51', '2018-03-22 20:43:51', '9ec1ff45-e035-4352-9322-b83018908007'),
 ('62', '68', 'Default', '1', '2018-03-22 20:44:00', '2018-03-22 20:44:00', '66f3e270-d09d-4148-8d8e-5bd1f6f1e1fb'),
 ('63', '68', 'SEO', '2', '2018-03-22 20:44:00', '2018-03-22 20:44:00', 'a3a06266-97de-40e0-8439-ab33aebc0cbd'),
 ('64', '69', 'Historical Media', '1', '2018-03-22 20:46:37', '2018-03-22 20:46:37', 'e6d74117-db45-4452-91eb-587e3a5f1a7e'),
 ('65', '69', 'For Purchase', '2', '2018-03-22 20:46:37', '2018-03-22 20:46:37', '88a1fea5-96b5-4d2f-9e43-9a8e3e6e9751');



DROP TABLE IF EXISTS `craft_fields`;


--
-- Schema for table `craft_fields`
--
CREATE TABLE `craft_fields` (
  `id` int(11) NOT NULL AUTO_INCREMENT,
  `groupId` int(11) DEFAULT NULL,
  `name` varchar(255) COLLATE utf8_unicode_ci NOT NULL,
  `handle` varchar(58) COLLATE utf8_unicode_ci NOT NULL,
  `context` varchar(255) COLLATE utf8_unicode_ci NOT NULL DEFAULT 'global',
  `instructions` text COLLATE utf8_unicode_ci,
  `translatable` tinyint(1) unsigned NOT NULL DEFAULT '0',
  `type` varchar(150) COLLATE utf8_unicode_ci NOT NULL,
  `settings` text COLLATE utf8_unicode_ci,
  `dateCreated` datetime NOT NULL,
  `dateUpdated` datetime NOT NULL,
  `uid` char(36) COLLATE utf8_unicode_ci NOT NULL DEFAULT '0',
  PRIMARY KEY (`id`),
  UNIQUE KEY `craft_fields_handle_context_unq_idx` (`handle`,`context`),
  KEY `craft_fields_context_idx` (`context`),
  KEY `craft_fields_groupId_fk` (`groupId`)
) ENGINE=InnoDB AUTO_INCREMENT=39 DEFAULT CHARSET=utf8 COLLATE=utf8_unicode_ci;

--
-- Data for table `craft_fields`
--

INSERT INTO `craft_fields` (`id`, `groupId`, `name`, `handle`, `context`, `instructions`, `translatable`, `type`, `settings`, `dateCreated`, `dateUpdated`, `uid`) VALUES
 ('1', '1', 'Body', 'body', 'global', NULL, '1', 'RichText', '{\"configFile\":\"Standard.json\",\"columnType\":\"text\"}', '2018-01-10 21:34:43', '2018-01-10 21:34:43', 'a3ba1dde-8283-4332-a985-d82d0ed9561b'),
 ('2', '1', 'Tags', 'tags', 'global', NULL, '0', 'Tags', '{\"source\":\"taggroup:1\"}', '2018-01-10 21:34:43', '2018-01-10 21:34:43', '8e195ff4-e69d-4d9f-9cbf-290a00d72158'),
 ('3', '1', 'Subheadline', 'subHeadline', 'global', '', '0', 'PlainText', '{\"placeholder\":\"\",\"maxLength\":\"\",\"multiline\":\"\",\"initialRows\":\"4\"}', '2018-03-01 20:41:05', '2018-03-15 18:48:04', '2b1fba3d-fed4-498e-a9a1-b735a7dcdba2'),
 ('4', '2', 'Headline', 'headline', 'global', '', '0', 'PlainText', '{\"placeholder\":\"\",\"maxLength\":\"\",\"multiline\":\"\",\"initialRows\":\"4\"}', '2018-03-15 18:45:37', '2018-03-15 18:52:16', '5764bd8d-7c29-41fd-ac81-48197e3d9d73'),
 ('5', '2', 'Days and Hours', 'daysAndHours', 'global', '', '0', 'Table', '{\"columns\":{\"col1\":{\"heading\":\"Days\",\"handle\":\"days\",\"width\":\"\",\"type\":\"singleline\"},\"col2\":{\"heading\":\"Hours\",\"handle\":\"hours\",\"width\":\"\",\"type\":\"singleline\"}},\"defaults\":{\"row1\":{\"col1\":\"\",\"col2\":\"\"}}}', '2018-03-15 18:47:00', '2018-03-15 18:47:00', '778829c0-2c72-4e1f-8bea-da9d9f6e6e44'),
 ('6', '1', 'Featured Items', 'featuredItems', 'global', '', '0', 'Entries', '{\"sources\":\"*\",\"limit\":\"\",\"selectionLabel\":\"\"}', '2018-03-15 18:47:25', '2018-03-15 18:47:25', '25cb9ee6-8409-4d78-ad09-e29e9068ddef'),
 ('7', '2', 'Address', 'address', 'global', '', '0', 'PlainText', '{\"placeholder\":\"\",\"maxLength\":\"\",\"multiline\":\"\",\"initialRows\":\"4\"}', '2018-03-15 18:51:27', '2018-03-15 18:51:27', '9c84c008-68d7-4897-8afe-b9a6d8b776af'),
 ('8', '2', 'Admission Text', 'admissionText', 'global', '', '0', 'PlainText', '{\"placeholder\":\"\",\"maxLength\":\"\",\"multiline\":\"\",\"initialRows\":\"4\"}', '2018-03-15 18:51:42', '2018-03-15 18:51:42', '9a83d342-c12a-4565-b4ae-0058670e13c2'),
 ('9', '2', 'Phone', 'phone', 'global', '', '0', 'PlainText', '{\"placeholder\":\"\",\"maxLength\":\"\",\"multiline\":\"\",\"initialRows\":\"4\"}', '2018-03-15 18:51:55', '2018-03-15 18:51:55', '0217668e-55ae-41ce-9df0-924202d37e09'),
 ('10', '2', 'Primary Logo', 'primaryLogo', 'global', '', '0', 'Assets', '{\"useSingleFolder\":\"\",\"sources\":\"*\",\"defaultUploadLocationSource\":\"1\",\"defaultUploadLocationSubpath\":\"logos\",\"singleUploadLocationSource\":\"1\",\"singleUploadLocationSubpath\":\"\",\"restrictFiles\":\"\",\"limit\":\"\",\"viewMode\":\"list\",\"selectionLabel\":\"\"}', '2018-03-15 18:52:28', '2018-03-22 20:52:50', 'cb405a6c-b8ea-4cb6-9694-59471904f930'),
 ('11', '2', 'Secondary Logo', 'secondaryLogo', 'global', '', '0', 'Assets', '{\"useSingleFolder\":\"\",\"sources\":\"*\",\"defaultUploadLocationSource\":\"1\",\"defaultUploadLocationSubpath\":\"\",\"singleUploadLocationSource\":\"1\",\"singleUploadLocationSubpath\":\"\",\"restrictFiles\":\"\",\"limit\":\"\",\"viewMode\":\"list\",\"selectionLabel\":\"\"}', '2018-03-15 18:52:34', '2018-03-15 18:53:42', '23ae4e58-42c7-468e-83d6-98b96fcd75de'),
 ('12', '2', 'Social Media', 'socialMedia', 'global', '', '0', 'Matrix', '{\"maxBlocks\":null}', '2018-03-15 18:53:28', '2018-03-15 20:09:25', '3a3196f7-2b3d-4a08-8f6d-88341619ef27'),
 ('13', NULL, 'Social Media Name', 'socialMediaName', 'matrixBlockType:1', '', '0', 'PlainText', '{\"placeholder\":\"\",\"maxLength\":\"\",\"multiline\":\"\",\"initialRows\":\"4\"}', '2018-03-15 18:53:28', '2018-03-15 20:09:25', 'a20116ef-9f4a-4133-aeeb-83262d81d5be'),
 ('14', NULL, 'Site URL', 'siteURL', 'matrixBlockType:1', '', '0', 'PlainText', '{\"placeholder\":\"\",\"maxLength\":\"\",\"multiline\":\"\",\"initialRows\":\"4\"}', '2018-03-15 18:53:28', '2018-03-15 20:09:25', '1b7b5b36-276f-4159-b257-ed173a22da73'),
 ('15', '3', 'About Body', 'aboutBody', 'global', 'About the Kent Historical Society as a whole.', '0', 'PlainText', '{\"placeholder\":\"About body text will go here.\",\"maxLength\":\"\",\"multiline\":\"\",\"initialRows\":\"4\"}', '2018-03-21 00:05:03', '2018-03-21 00:05:03', 'd74f27ad-13cc-4740-8d2b-8c4ecee99927'),
 ('16', '3', 'Our Home Body', 'ourHomeBody', 'global', 'The paragraph about the Kent Historical Society location and history of location.', '0', 'PlainText', '{\"placeholder\":\"Our home body text goes here.\",\"maxLength\":\"\",\"multiline\":\"\",\"initialRows\":\"4\"}', '2018-03-21 00:06:08', '2018-03-21 00:06:08', 'bade72e4-95f4-45f4-9045-5edca25f6d13'),
 ('17', '1', 'Section Title', 'sectionTitle', 'global', 'The pages title simply stating the purpose of the page.', '0', 'PlainText', '{\"placeholder\":\"Page main title\",\"maxLength\":\"55\",\"multiline\":\"\",\"initialRows\":\"4\"}', '2018-03-21 00:10:13', '2018-03-21 00:10:13', 'fb8f1888-c629-4b22-b217-5fd584e0efc8'),
 ('18', '1', 'Feature Image', 'featureImage', 'global', 'This is the main image of the page located at the top of the page behind the title.', '0', 'Assets', '{\"useSingleFolder\":\"\",\"sources\":\"*\",\"defaultUploadLocationSource\":\"1\",\"defaultUploadLocationSubpath\":\"\",\"singleUploadLocationSource\":\"1\",\"singleUploadLocationSubpath\":\"\",\"restrictFiles\":\"1\",\"allowedKinds\":[\"image\"],\"limit\":\"1\",\"viewMode\":\"large\",\"selectionLabel\":\"\"}', '2018-03-21 00:11:43', '2018-03-21 00:11:43', 'c44bd010-5530-4ec0-9a6e-4e1ab7b5352c'),
 ('19', '4', 'Start Time', 'startTime', 'global', '', '0', 'Date', '{\"minuteIncrement\":\"30\",\"showTime\":1,\"showDate\":0}', '2018-03-22 00:51:13', '2018-03-22 01:06:23', '02751714-b6d8-4553-b1a1-703c940bb899'),
 ('20', '4', 'End Time', 'endTime', 'global', '', '0', 'Date', '{\"minuteIncrement\":\"30\",\"showTime\":1,\"showDate\":0}', '2018-03-22 00:51:33', '2018-03-22 01:05:33', 'e39cbd5f-c7f3-41c5-8d01-4f0f3ff0f4d0'),
 ('21', '1', 'Date', 'date', 'global', '', '0', 'Date', '{\"minuteIncrement\":\"30\",\"showDate\":1,\"showTime\":0}', '2018-03-22 00:51:54', '2018-03-22 00:52:42', '6cd715d7-3316-495f-b59b-f52f82eba619'),
 ('22', '1', 'Image Caption', 'imageCaption', 'global', '', '0', 'PlainText', '{\"placeholder\":\"\",\"maxLength\":\"\",\"multiline\":\"\",\"initialRows\":\"4\"}', '2018-03-22 00:54:51', '2018-03-22 00:54:51', 'f6b93796-8361-4302-94f9-e076ecec845a'),
 ('23', '1', 'Image Alt Text', 'imageAlt', 'global', 'This is what shows if the image cannot load. It is also what is read if a user is using a screen reader. It should be a very brief description of the image.', '0', 'PlainText', '{\"placeholder\":\"\",\"maxLength\":\"\",\"multiline\":\"\",\"initialRows\":\"4\"}', '2018-03-22 00:56:26', '2018-03-22 00:56:26', 'e2e3a026-f057-495b-974f-2a7f64fdfea6'),
 ('24', '4', 'Event Type', 'eventType', 'global', 'Chose the event category that best describes this event.', '0', 'Categories', '{\"source\":\"group:1\",\"limit\":\"\",\"selectionLabel\":\"\"}', '2018-03-22 00:58:12', '2018-03-22 20:44:01', '2ee121cb-8b16-4470-beb7-6d209cbe1ded'),
 ('25', '1', 'Video', 'video', 'global', 'Paste in the embed code from Youtube or other external video host.', '0', 'PlainText', '{\"placeholder\":\"\",\"maxLength\":\"\",\"multiline\":\"\",\"initialRows\":\"4\"}', '2018-03-22 01:00:34', '2018-03-22 01:00:34', '8cbb3b55-4095-4abe-b37b-7a3e3721ee8b'),
 ('26', '1', 'Image', 'image', 'global', '', '0', 'Assets', '{\"useSingleFolder\":\"\",\"sources\":\"*\",\"defaultUploadLocationSource\":\"1\",\"defaultUploadLocationSubpath\":\"\",\"singleUploadLocationSource\":\"1\",\"singleUploadLocationSubpath\":\"\",\"restrictFiles\":\"\",\"limit\":\"\",\"viewMode\":\"list\",\"selectionLabel\":\"\"}', '2018-03-22 01:00:58', '2018-03-22 01:00:58', '0ee10044-eef5-4a18-880a-3a5149d10774'),
 ('27', '4', 'Event Location', 'eventLocation', 'global', '', '0', 'PlainText', '{\"placeholder\":\"\",\"maxLength\":\"\",\"multiline\":\"\",\"initialRows\":\"4\"}', '2018-03-22 01:02:07', '2018-03-22 01:02:07', '73d4bc49-3e84-414d-946b-961a2e463120'),
 ('28', '4', 'Special Guests', 'specialGuests', 'global', 'List any notable attendees expected to be at the event, and/or speakers/presenters, etc.', '0', 'PlainText', '{\"placeholder\":\"\",\"maxLength\":\"\",\"multiline\":\"\",\"initialRows\":\"4\"}', '2018-03-22 01:03:46', '2018-03-22 01:03:46', '691a5fd2-bc92-41f9-80b6-f1ac9071041c'),
 ('29', '5', 'Start Date', 'startDate', 'global', '', '0', 'Date', '{\"minuteIncrement\":\"30\",\"showDate\":1,\"showTime\":0}', '2018-03-22 01:04:59', '2018-03-22 01:04:59', '1aac0835-61ec-41b6-bf43-9b7de946cecd'),
 ('30', '5', 'End Date', 'endDate', 'global', '', '0', 'Date', '{\"minuteIncrement\":\"30\",\"showDate\":1,\"showTime\":0}', '2018-03-22 01:05:13', '2018-03-22 01:05:13', '00ffd3c2-dd22-40ff-b882-85e6fe92e9e4'),
 ('31', '6', 'For Sale', 'forSale', 'global', 'Flip switch to green if this media is available for sale through the KHS shop.', '0', 'Lightswitch', '{\"default\":\"\"}', '2018-03-22 01:08:48', '2018-03-22 01:08:48', 'c7d6976b-aafd-4d07-97f0-3514c18ce24b'),
 ('32', '6', 'Price', 'price', 'global', '', '0', 'PlainText', '{\"placeholder\":\"\",\"maxLength\":\"\",\"multiline\":\"\",\"initialRows\":\"4\"}', '2018-03-22 01:09:25', '2018-03-22 01:09:25', 'c759055d-238d-4ebd-99fb-2cd172b6ae84'),
 ('33', '6', 'Media Type', 'mediaType', 'global', '', '0', 'Categories', '{\"source\":\"group:2\",\"limit\":\"\",\"selectionLabel\":\"\"}', '2018-03-22 01:10:02', '2018-03-22 20:43:48', '182bc667-b421-4a24-99b0-2292643d6480'),
 ('34', '6', 'Media Description', 'mediaDescription', 'global', '', '0', 'RichText', '{\"configFile\":\"\",\"availableAssetSources\":\"*\",\"availableTransforms\":\"*\",\"cleanupHtml\":\"1\",\"purifyHtml\":\"1\",\"purifierConfig\":\"\",\"columnType\":\"text\"}', '2018-03-22 01:11:17', '2018-03-22 01:11:17', '3a50c7b0-9148-4432-98be-f6867a3fb123'),
 ('35', '1', 'Thumbnail', 'thumbnail', 'global', '', '0', 'Assets', '{\"useSingleFolder\":\"\",\"sources\":\"*\",\"defaultUploadLocationSource\":\"1\",\"defaultUploadLocationSubpath\":\"\",\"singleUploadLocationSource\":\"1\",\"singleUploadLocationSubpath\":\"\",\"restrictFiles\":\"\",\"limit\":\"\",\"viewMode\":\"list\",\"selectionLabel\":\"\"}', '2018-03-22 01:12:04', '2018-03-22 01:12:04', '8fa27134-3924-432d-add2-5aed30dc4e8b'),
 ('36', '7', 'Paypal Product ID', 'paypalProductId', 'global', '', '0', 'PlainText', '{\"placeholder\":\"\",\"maxLength\":\"\",\"multiline\":\"\",\"initialRows\":\"4\"}', '2018-03-22 20:35:34', '2018-03-22 20:35:34', '8a47b455-47f3-4c81-a5d4-e2d166373e29'),
 ('37', '8', 'Metadata', 'metadata', 'global', '', '0', 'Seomatic_Meta', '{\"assetSources\":\"*\",\"seoMainEntityCategory\":\"CreativeWork\",\"seoMainEntityOfPage\":\"WebPage\",\"seoTitleSource\":\"field\",\"seoTitleSourceField\":\"title\",\"seoTitle\":\"\",\"seoTitleSourceChangeable\":\"1\",\"seoDescriptionSource\":\"field\",\"seoDescriptionSourceField\":\"title\",\"seoDescription\":\"\",\"seoDescriptionSourceChangeable\":\"1\",\"seoKeywordsSource\":\"custom\",\"seoKeywordsSourceField\":\"title\",\"seoKeywords\":\"\",\"seoKeywordsSourceChangeable\":\"1\",\"seoImageIdSource\":\"field\",\"seoImageIdSourceField\":\"featureImage\",\"seoImageIdSourceChangeable\":\"1\",\"seoImageTransform\":\"\",\"twitterCardType\":\"\",\"twitterCardTypeChangeable\":\"1\",\"seoTwitterImageIdSource\":\"custom\",\"seoTwitterImageIdSourceField\":\"featureImage\",\"seoTwitterImageIdSourceChangeable\":\"1\",\"seoTwitterImageTransform\":\"\",\"openGraphType\":\"\",\"openGraphTypeChangeable\":\"1\",\"seoFacebookImageIdSource\":\"custom\",\"seoFacebookImageIdSourceField\":\"featureImage\",\"seoFacebookImageIdSourceChangeable\":\"1\",\"seoFacebookImageTransform\":\"\",\"robots\":\"\",\"robotsChangeable\":\"1\"}', '2018-03-22 20:40:05', '2018-03-22 20:40:05', '0b204eb8-1a60-4b69-9bf6-aecf3999328f'),
 ('38', '6', 'Media Category', 'mediaCategory', 'global', '', '0', 'Categories', '{\"source\":\"group:3\",\"limit\":\"\",\"selectionLabel\":\"\"}', '2018-03-22 20:45:13', '2018-03-22 20:45:13', '77e52e23-cc2b-492b-a2b5-1ad1976f3160');



DROP TABLE IF EXISTS `craft_globalsets`;


--
-- Schema for table `craft_globalsets`
--
CREATE TABLE `craft_globalsets` (
  `id` int(11) NOT NULL,
  `name` varchar(255) COLLATE utf8_unicode_ci NOT NULL,
  `handle` varchar(255) COLLATE utf8_unicode_ci NOT NULL,
  `fieldLayoutId` int(10) DEFAULT NULL,
  `dateCreated` datetime NOT NULL,
  `dateUpdated` datetime NOT NULL,
  `uid` char(36) COLLATE utf8_unicode_ci NOT NULL DEFAULT '0',
  PRIMARY KEY (`id`),
  UNIQUE KEY `craft_globalsets_name_unq_idx` (`name`),
  UNIQUE KEY `craft_globalsets_handle_unq_idx` (`handle`),
  KEY `craft_globalsets_fieldLayoutId_fk` (`fieldLayoutId`)
) ENGINE=InnoDB DEFAULT CHARSET=utf8 COLLATE=utf8_unicode_ci;

--
-- Data for table `craft_globalsets`
--

INSERT INTO `craft_globalsets` (`id`, `name`, `handle`, `fieldLayoutId`, `dateCreated`, `dateUpdated`, `uid`) VALUES
 ('5', 'Footer', 'footer', '15', '2018-03-15 18:54:56', '2018-03-15 19:00:30', 'de0361de-2541-4417-9e85-472906d4c014'),
 ('6', 'Header', 'header', '11', '2018-03-15 18:55:26', '2018-03-15 18:55:26', '3382b296-3183-419a-94a1-469431674e5e'),
 ('7', 'Hours of Operation', 'hoursOfOperation', '12', '2018-03-15 18:55:48', '2018-03-15 18:55:48', '71b132b2-acb9-4c6f-bdd0-02250466c549');



DROP TABLE IF EXISTS `craft_info`;


--
-- Schema for table `craft_info`
--
CREATE TABLE `craft_info` (
  `id` int(11) NOT NULL AUTO_INCREMENT,
  `version` varchar(50) COLLATE utf8_unicode_ci NOT NULL,
  `schemaVersion` varchar(15) COLLATE utf8_unicode_ci NOT NULL,
  `edition` tinyint(1) unsigned NOT NULL DEFAULT '0',
  `siteName` varchar(100) COLLATE utf8_unicode_ci NOT NULL,
  `siteUrl` varchar(255) COLLATE utf8_unicode_ci NOT NULL,
  `timezone` varchar(30) COLLATE utf8_unicode_ci DEFAULT NULL,
  `on` tinyint(1) unsigned NOT NULL DEFAULT '0',
  `maintenance` tinyint(1) unsigned NOT NULL DEFAULT '0',
  `dateCreated` datetime NOT NULL,
  `dateUpdated` datetime NOT NULL,
  `uid` char(36) COLLATE utf8_unicode_ci NOT NULL DEFAULT '0',
  PRIMARY KEY (`id`)
) ENGINE=InnoDB AUTO_INCREMENT=2 DEFAULT CHARSET=utf8 COLLATE=utf8_unicode_ci;

--
-- Data for table `craft_info`
--

INSERT INTO `craft_info` (`id`, `version`, `schemaVersion`, `edition`, `siteName`, `siteUrl`, `timezone`, `on`, `maintenance`, `dateCreated`, `dateUpdated`, `uid`) VALUES
 ('1', '2.6.3012', '2.6.13', '0', 'Kent Historical Society & Museum', 'http://khs.ideabasekent.com/httpdocs', 'UTC', '1', '1', '2018-01-10 21:34:41', '2018-04-10 02:06:57', '9edcd562-d03b-4171-860d-3d796db22cb4');



DROP TABLE IF EXISTS `craft_locales`;


--
-- Schema for table `craft_locales`
--
CREATE TABLE `craft_locales` (
  `locale` char(12) COLLATE utf8_unicode_ci NOT NULL,
  `sortOrder` smallint(6) unsigned DEFAULT NULL,
  `dateCreated` datetime NOT NULL,
  `dateUpdated` datetime NOT NULL,
  `uid` char(36) COLLATE utf8_unicode_ci NOT NULL DEFAULT '0',
  PRIMARY KEY (`locale`),
  KEY `craft_locales_sortOrder_idx` (`sortOrder`)
) ENGINE=InnoDB DEFAULT CHARSET=utf8 COLLATE=utf8_unicode_ci;

--
-- Data for table `craft_locales`
--

INSERT INTO `craft_locales` (`locale`, `sortOrder`, `dateCreated`, `dateUpdated`, `uid`) VALUES
 ('en_us', '1', '2018-01-10 21:34:41', '2018-01-10 21:34:41', '3be99cea-e904-4282-90cf-b2f7a3dcc994');



DROP TABLE IF EXISTS `craft_matrixblocks`;


--
-- Schema for table `craft_matrixblocks`
--
CREATE TABLE `craft_matrixblocks` (
  `id` int(11) NOT NULL,
  `ownerId` int(11) NOT NULL,
  `fieldId` int(11) NOT NULL,
  `typeId` int(11) DEFAULT NULL,
  `sortOrder` smallint(6) unsigned DEFAULT NULL,
  `ownerLocale` char(12) COLLATE utf8_unicode_ci DEFAULT NULL,
  `dateCreated` datetime NOT NULL,
  `dateUpdated` datetime NOT NULL,
  `uid` char(36) COLLATE utf8_unicode_ci NOT NULL DEFAULT '0',
  PRIMARY KEY (`id`),
  KEY `craft_matrixblocks_ownerId_idx` (`ownerId`),
  KEY `craft_matrixblocks_fieldId_idx` (`fieldId`),
  KEY `craft_matrixblocks_typeId_idx` (`typeId`),
  KEY `craft_matrixblocks_sortOrder_idx` (`sortOrder`),
  KEY `craft_matrixblocks_ownerLocale_fk` (`ownerLocale`)
) ENGINE=InnoDB DEFAULT CHARSET=utf8 COLLATE=utf8_unicode_ci;

--
-- Data for table `craft_matrixblocks`
--

INSERT INTO `craft_matrixblocks` (`id`, `ownerId`, `fieldId`, `typeId`, `sortOrder`, `ownerLocale`, `dateCreated`, `dateUpdated`, `uid`) VALUES
 ('10', '5', '12', '1', '1', NULL, '2018-03-15 20:08:47', '2018-03-22 23:02:01', '7abc853d-8419-4b62-bcbd-18e7db442e0b');



DROP TABLE IF EXISTS `craft_matrixblocktypes`;


--
-- Schema for table `craft_matrixblocktypes`
--
CREATE TABLE `craft_matrixblocktypes` (
  `id` int(11) NOT NULL AUTO_INCREMENT,
  `fieldId` int(11) NOT NULL,
  `fieldLayoutId` int(11) DEFAULT NULL,
  `name` varchar(255) COLLATE utf8_unicode_ci NOT NULL,
  `handle` varchar(255) COLLATE utf8_unicode_ci NOT NULL,
  `sortOrder` smallint(6) unsigned DEFAULT NULL,
  `dateCreated` datetime NOT NULL,
  `dateUpdated` datetime NOT NULL,
  `uid` char(36) COLLATE utf8_unicode_ci NOT NULL DEFAULT '0',
  PRIMARY KEY (`id`),
  UNIQUE KEY `craft_matrixblocktypes_name_fieldId_unq_idx` (`name`,`fieldId`),
  UNIQUE KEY `craft_matrixblocktypes_handle_fieldId_unq_idx` (`handle`,`fieldId`),
  KEY `craft_matrixblocktypes_fieldId_fk` (`fieldId`),
  KEY `craft_matrixblocktypes_fieldLayoutId_fk` (`fieldLayoutId`)
) ENGINE=InnoDB AUTO_INCREMENT=2 DEFAULT CHARSET=utf8 COLLATE=utf8_unicode_ci;

--
-- Data for table `craft_matrixblocktypes`
--

INSERT INTO `craft_matrixblocktypes` (`id`, `fieldId`, `fieldLayoutId`, `name`, `handle`, `sortOrder`, `dateCreated`, `dateUpdated`, `uid`) VALUES
 ('1', '12', '16', 'Social Media', 'socialMedia', '1', '2018-03-15 18:53:28', '2018-03-15 20:09:25', 'be63f9cd-8f0c-400d-8b3f-ca572a6a1a7a');



DROP TABLE IF EXISTS `craft_matrixcontent_socialmedia`;


--
-- Schema for table `craft_matrixcontent_socialmedia`
--
CREATE TABLE `craft_matrixcontent_socialmedia` (
  `id` int(11) NOT NULL AUTO_INCREMENT,
  `elementId` int(11) NOT NULL,
  `locale` char(12) COLLATE utf8_unicode_ci NOT NULL,
  `field_socialMedia_socialMediaName` text COLLATE utf8_unicode_ci,
  `field_socialMedia_siteURL` text COLLATE utf8_unicode_ci,
  `dateCreated` datetime NOT NULL,
  `dateUpdated` datetime NOT NULL,
  `uid` char(36) COLLATE utf8_unicode_ci NOT NULL DEFAULT '0',
  PRIMARY KEY (`id`),
  UNIQUE KEY `craft_matrixcontent_socialmedia_elementId_locale_unq_idx` (`elementId`,`locale`),
  KEY `craft_matrixcontent_socialmedia_locale_fk` (`locale`)
) ENGINE=InnoDB AUTO_INCREMENT=2 DEFAULT CHARSET=utf8 COLLATE=utf8_unicode_ci;

--
-- Data for table `craft_matrixcontent_socialmedia`
--

INSERT INTO `craft_matrixcontent_socialmedia` (`id`, `elementId`, `locale`, `field_socialMedia_socialMediaName`, `field_socialMedia_siteURL`, `dateCreated`, `dateUpdated`, `uid`) VALUES
 ('1', '10', 'en_us', 'Facebook', 'http://facebook.com', '2018-03-15 20:08:47', '2018-03-22 23:02:01', 'f9c7d355-aea5-490e-bbf0-5d77593eac3f');



DROP TABLE IF EXISTS `craft_migrations`;


--
-- Schema for table `craft_migrations`
--
CREATE TABLE `craft_migrations` (
  `id` int(11) NOT NULL AUTO_INCREMENT,
  `pluginId` int(11) DEFAULT NULL,
  `version` varchar(255) COLLATE utf8_unicode_ci NOT NULL,
  `applyTime` datetime NOT NULL,
  `dateCreated` datetime NOT NULL,
  `dateUpdated` datetime NOT NULL,
  `uid` char(36) COLLATE utf8_unicode_ci NOT NULL DEFAULT '0',
  PRIMARY KEY (`id`),
  UNIQUE KEY `craft_migrations_version_unq_idx` (`version`),
  KEY `craft_migrations_pluginId_fk` (`pluginId`)
) ENGINE=InnoDB AUTO_INCREMENT=70 DEFAULT CHARSET=utf8 COLLATE=utf8_unicode_ci;

--
-- Data for table `craft_migrations`
--

INSERT INTO `craft_migrations` (`id`, `pluginId`, `version`, `applyTime`, `dateCreated`, `dateUpdated`, `uid`) VALUES
 ('1', NULL, 'm000000_000000_base', '2018-01-10 21:34:41', '2018-01-10 21:34:41', '2018-01-10 21:34:41', '5caa3d79-1643-4c3d-b6bf-5e854e984f86'),
 ('2', NULL, 'm140730_000001_add_filename_and_format_to_transformindex', '2018-01-10 21:34:41', '2018-01-10 21:34:41', '2018-01-10 21:34:41', 'ec146578-6e49-4df2-9b33-d29defd60fb6'),
 ('3', NULL, 'm140815_000001_add_format_to_transforms', '2018-01-10 21:34:41', '2018-01-10 21:34:41', '2018-01-10 21:34:41', 'e46ca573-b1b6-4fe8-94ef-d956ae62618a'),
 ('4', NULL, 'm140822_000001_allow_more_than_128_items_per_field', '2018-01-10 21:34:41', '2018-01-10 21:34:41', '2018-01-10 21:34:41', '685fae06-9f55-4e77-b525-81fefe721d88'),
 ('5', NULL, 'm140829_000001_single_title_formats', '2018-01-10 21:34:41', '2018-01-10 21:34:41', '2018-01-10 21:34:41', '2982b226-678d-405b-b93c-809ba6f1f34d'),
 ('6', NULL, 'm140831_000001_extended_cache_keys', '2018-01-10 21:34:41', '2018-01-10 21:34:41', '2018-01-10 21:34:41', '5d90eb61-9b20-45dc-953b-7fab2aff9eaa'),
 ('7', NULL, 'm140922_000001_delete_orphaned_matrix_blocks', '2018-01-10 21:34:41', '2018-01-10 21:34:41', '2018-01-10 21:34:41', 'b87bb551-6c0f-4e1d-8701-255d843a69a9'),
 ('8', NULL, 'm141008_000001_elements_index_tune', '2018-01-10 21:34:41', '2018-01-10 21:34:41', '2018-01-10 21:34:41', '06c6c04c-8da0-4640-9dfb-134c8c973df2'),
 ('9', NULL, 'm141009_000001_assets_source_handle', '2018-01-10 21:34:41', '2018-01-10 21:34:41', '2018-01-10 21:34:41', '5163c501-95d4-45fc-a69f-df889f834a4f'),
 ('10', NULL, 'm141024_000001_field_layout_tabs', '2018-01-10 21:34:41', '2018-01-10 21:34:41', '2018-01-10 21:34:41', '948ac736-672a-4d2d-a066-c220c6fb9521'),
 ('11', NULL, 'm141030_000000_plugin_schema_versions', '2018-01-10 21:34:41', '2018-01-10 21:34:41', '2018-01-10 21:34:41', 'a2174731-5e2a-4b4a-9335-c0456e003542'),
 ('12', NULL, 'm141030_000001_drop_structure_move_permission', '2018-01-10 21:34:41', '2018-01-10 21:34:41', '2018-01-10 21:34:41', 'a0729c4a-4426-45a2-b32a-d37316a2da62'),
 ('13', NULL, 'm141103_000001_tag_titles', '2018-01-10 21:34:41', '2018-01-10 21:34:41', '2018-01-10 21:34:41', 'd708c097-b8d2-412b-95be-6c92ecccde2e'),
 ('14', NULL, 'm141109_000001_user_status_shuffle', '2018-01-10 21:34:41', '2018-01-10 21:34:41', '2018-01-10 21:34:41', 'c7e944ee-d6ce-4ebf-ac28-77974df6ed27'),
 ('15', NULL, 'm141126_000001_user_week_start_day', '2018-01-10 21:34:41', '2018-01-10 21:34:41', '2018-01-10 21:34:41', 'eb14b480-b416-4b66-baf9-2b5a58211106'),
 ('16', NULL, 'm150210_000001_adjust_user_photo_size', '2018-01-10 21:34:41', '2018-01-10 21:34:41', '2018-01-10 21:34:41', 'b5af478c-348c-4f87-88fc-c1252ab634aa'),
 ('17', NULL, 'm150724_000001_adjust_quality_settings', '2018-01-10 21:34:41', '2018-01-10 21:34:41', '2018-01-10 21:34:41', 'a802ffe1-b4d0-48b3-8f41-1d92a4c50697'),
 ('18', NULL, 'm150827_000000_element_index_settings', '2018-01-10 21:34:41', '2018-01-10 21:34:41', '2018-01-10 21:34:41', '5f80a904-34a8-4d08-ba67-1904e35ab7bf'),
 ('19', NULL, 'm150918_000001_add_colspan_to_widgets', '2018-01-10 21:34:41', '2018-01-10 21:34:41', '2018-01-10 21:34:41', '68702783-0080-4f07-8c89-4a743537121b'),
 ('20', NULL, 'm151007_000000_clear_asset_caches', '2018-01-10 21:34:41', '2018-01-10 21:34:41', '2018-01-10 21:34:41', '7f66b193-d829-4105-ace0-cbd9190306a7'),
 ('21', NULL, 'm151109_000000_text_url_formats', '2018-01-10 21:34:41', '2018-01-10 21:34:41', '2018-01-10 21:34:41', 'e80c2a76-73f3-49bb-968d-bc7c5a69e45d'),
 ('22', NULL, 'm151110_000000_move_logo', '2018-01-10 21:34:41', '2018-01-10 21:34:41', '2018-01-10 21:34:41', '139b2d95-0360-42e6-9310-1ad3a64c3b82'),
 ('23', NULL, 'm151117_000000_adjust_image_widthheight', '2018-01-10 21:34:41', '2018-01-10 21:34:41', '2018-01-10 21:34:41', 'a370cb07-7f51-4071-b9e3-7dde7204de9d'),
 ('24', NULL, 'm151127_000000_clear_license_key_status', '2018-01-10 21:34:41', '2018-01-10 21:34:41', '2018-01-10 21:34:41', 'f41bc209-864e-48c5-874e-d35a21a11119'),
 ('25', NULL, 'm151127_000000_plugin_license_keys', '2018-01-10 21:34:41', '2018-01-10 21:34:41', '2018-01-10 21:34:41', '80eac6d8-1b47-4a82-96f0-f5291dd207fa'),
 ('26', NULL, 'm151130_000000_update_pt_widget_feeds', '2018-01-10 21:34:41', '2018-01-10 21:34:41', '2018-01-10 21:34:41', '88a484dc-8335-46ea-a0bf-9a2e4a06751e'),
 ('27', NULL, 'm160114_000000_asset_sources_public_url_default_true', '2018-01-10 21:34:41', '2018-01-10 21:34:41', '2018-01-10 21:34:41', 'c6bb59c8-c500-4a41-8024-8bba69671a63'),
 ('28', NULL, 'm160223_000000_sortorder_to_smallint', '2018-01-10 21:34:41', '2018-01-10 21:34:41', '2018-01-10 21:34:41', 'd2919f86-bf4f-4fbf-a279-d0c36f390441'),
 ('29', NULL, 'm160229_000000_set_default_entry_statuses', '2018-01-10 21:34:41', '2018-01-10 21:34:41', '2018-01-10 21:34:41', '4610b974-580a-493b-a448-4fae61a24d21'),
 ('30', NULL, 'm160304_000000_client_permissions', '2018-01-10 21:34:41', '2018-01-10 21:34:41', '2018-01-10 21:34:41', 'ebaaa861-ada5-4b57-bdb0-50d7509d6be7'),
 ('31', NULL, 'm160322_000000_asset_filesize', '2018-01-10 21:34:41', '2018-01-10 21:34:41', '2018-01-10 21:34:41', '7160900e-f91d-49f1-b49e-b7710ce7b516'),
 ('32', NULL, 'm160503_000000_orphaned_fieldlayouts', '2018-01-10 21:34:41', '2018-01-10 21:34:41', '2018-01-10 21:34:41', '846c9a25-061d-41e4-9265-48ed76c3cc86'),
 ('33', NULL, 'm160510_000000_tasksettings', '2018-01-10 21:34:41', '2018-01-10 21:34:41', '2018-01-10 21:34:41', '08d83912-dc48-4cf0-a07b-a03fcb899149'),
 ('34', NULL, 'm160829_000000_pending_user_content_cleanup', '2018-01-10 21:34:41', '2018-01-10 21:34:41', '2018-01-10 21:34:41', 'daab2491-4a40-4593-94e6-fe067050ab83'),
 ('35', NULL, 'm160830_000000_asset_index_uri_increase', '2018-01-10 21:34:41', '2018-01-10 21:34:41', '2018-01-10 21:34:41', 'cacde579-b844-4330-a5f8-cd94e605538a'),
 ('36', NULL, 'm160919_000000_usergroup_handle_title_unique', '2018-01-10 21:34:41', '2018-01-10 21:34:41', '2018-01-10 21:34:41', 'ebd657a6-f959-437f-9711-954992568881'),
 ('37', NULL, 'm161108_000000_new_version_format', '2018-01-10 21:34:41', '2018-01-10 21:34:41', '2018-01-10 21:34:41', 'c5e2f61a-a0cd-48a7-9b3b-c61f24f8249e'),
 ('38', NULL, 'm161109_000000_index_shuffle', '2018-01-10 21:34:41', '2018-01-10 21:34:41', '2018-01-10 21:34:41', '45279bc9-776f-4363-b573-8abb9c611429'),
 ('39', NULL, 'm170612_000000_route_index_shuffle', '2018-01-10 21:34:41', '2018-01-10 21:34:41', '2018-01-10 21:34:41', 'a00da33d-5060-42f5-b216-13b22453a94a'),
 ('40', NULL, 'm171107_000000_assign_group_permissions', '2018-01-10 21:34:41', '2018-01-10 21:34:41', '2018-01-10 21:34:41', '68d0f520-685c-4647-87e1-562fbb3c9023'),
 ('41', NULL, 'm171117_000001_templatecache_index_tune', '2018-01-10 21:34:41', '2018-01-10 21:34:41', '2018-01-10 21:34:41', 'b31a4738-488d-419a-943f-345bd0e8eb0d'),
 ('42', NULL, 'm171204_000001_templatecache_index_tune_deux', '2018-01-10 21:34:41', '2018-01-10 21:34:41', '2018-01-10 21:34:41', 'c77be04d-5d10-4278-94d0-a12b7fbc15d7'),
 ('43', '1', 'm150212_145000_AmNav_renamePagesToNodes', '2018-03-15 18:55:58', '2018-03-15 18:55:58', '2018-03-15 18:55:58', '01c4425d-6af5-4b3f-b2c3-75c293965e74'),
 ('44', '1', 'm150217_112800_AmNav_expandPageData', '2018-03-15 18:55:58', '2018-03-15 18:55:58', '2018-03-15 18:55:58', 'c679a1fe-8018-4c3f-8b24-9ffa1583832b'),
 ('45', '1', 'm150403_093000_AmNav_nodesWithElements', '2018-03-15 18:55:58', '2018-03-15 18:55:58', '2018-03-15 18:55:58', '524528ac-42ee-4dc9-a408-18c506564ce5'),
 ('46', '1', 'm150512_105600_AmNav_addOptionalClass', '2018-03-15 18:55:58', '2018-03-15 18:55:58', '2018-03-15 18:55:58', 'ab6189ba-f218-4b88-8d8d-93a8afcdd2ce'),
 ('47', '2', 'm151225_000000_seomatic_addHumansField', '2018-03-22 20:37:17', '2018-03-22 20:37:17', '2018-03-22 20:37:17', '1f450760-1078-4e59-9abc-f321d1b02580'),
 ('48', '2', 'm151226_000000_seomatic_addTwitterFacebookFields', '2018-03-22 20:37:17', '2018-03-22 20:37:17', '2018-03-22 20:37:17', 'd39d9062-3319-43b9-a111-4d6c58baec09'),
 ('49', '2', 'm160101_000000_seomatic_addRobotsFields', '2018-03-22 20:37:17', '2018-03-22 20:37:17', '2018-03-22 20:37:17', 'fed22383-9125-434b-b516-83c8de9cf36f'),
 ('50', '2', 'm160111_000000_seomatic_addTitleFields', '2018-03-22 20:37:17', '2018-03-22 20:37:17', '2018-03-22 20:37:17', 'af225316-e1a6-4456-84b4-be96512982ec'),
 ('51', '2', 'm160122_000000_seomatic_addTypeFields', '2018-03-22 20:37:17', '2018-03-22 20:37:17', '2018-03-22 20:37:17', 'ab9d8a50-11cd-4a86-aacf-25db28174ec1'),
 ('52', '2', 'm160123_000000_seomatic_addOpeningHours', '2018-03-22 20:37:17', '2018-03-22 20:37:17', '2018-03-22 20:37:17', '9c495d0a-f43d-4d92-bb87-270f6eb47422'),
 ('53', '2', 'm160202_000000_seomatic_addSocialHandles', '2018-03-22 20:37:17', '2018-03-22 20:37:17', '2018-03-22 20:37:17', '1bfdbe62-fe06-4073-997e-7903e4a7b8d3'),
 ('54', '2', 'm160204_000000_seomatic_addGoogleAnalytics', '2018-03-22 20:37:17', '2018-03-22 20:37:17', '2018-03-22 20:37:17', '9822c6d1-f0f5-4825-ad84-81d8978102b0'),
 ('55', '2', 'm160205_000000_seomatic_addResturantMenu', '2018-03-22 20:37:17', '2018-03-22 20:37:17', '2018-03-22 20:37:17', '80aea04e-19eb-41c0-b0cc-5683987fd2fb'),
 ('56', '2', 'm160206_000000_seomatic_addGoogleAnalyticsPlugins', '2018-03-22 20:37:17', '2018-03-22 20:37:17', '2018-03-22 20:37:17', '89e50e8f-4ed2-4c35-8558-a6dca4ee2e7f'),
 ('57', '2', 'm160206_000000_seomatic_addGoogleAnalyticsSendPageView', '2018-03-22 20:37:17', '2018-03-22 20:37:17', '2018-03-22 20:37:17', 'b16bfe3a-f5b8-4669-8043-b75c74e9cc02'),
 ('58', '2', 'm160209_000000_seomatic_alterDescriptionsColumns', '2018-03-22 20:37:17', '2018-03-22 20:37:17', '2018-03-22 20:37:17', '44cac908-72aa-493d-bda7-4f7d7eb7ce3b'),
 ('59', '2', 'm160209_000001_seomatic_addRobotsTxt', '2018-03-22 20:37:17', '2018-03-22 20:37:17', '2018-03-22 20:37:17', '3bb804c1-14e0-4a5a-85cb-4049fc153f27'),
 ('60', '2', 'm160227_000000_seomatic_addFacebookAppId', '2018-03-22 20:37:17', '2018-03-22 20:37:17', '2018-03-22 20:37:17', '2af0e2b3-7b2b-4c6d-ae47-18afb9dd9f3d'),
 ('61', '2', 'm160416_000000_seomatic_addContactPoints', '2018-03-22 20:37:17', '2018-03-22 20:37:17', '2018-03-22 20:37:17', 'b7a523ec-3e7e-4eef-8f44-7ce3069f0203'),
 ('62', '2', 'm160509_000000_seomatic_addSiteLinksBing', '2018-03-22 20:37:17', '2018-03-22 20:37:17', '2018-03-22 20:37:17', '1384d7b7-eaa9-4bfb-b311-1fdc4e67ec42'),
 ('63', '2', 'm160707_000000_seomatic_addGoogleTagManager', '2018-03-22 20:37:17', '2018-03-22 20:37:17', '2018-03-22 20:37:17', '8d50dc1d-bed8-4cb9-9ab8-719399dfc772'),
 ('64', '2', 'm160715_000000_seomatic_addSeoImageTransforms', '2018-03-22 20:37:17', '2018-03-22 20:37:17', '2018-03-22 20:37:17', '1f73cad4-f3cd-478f-9b09-f542ddacdac0'),
 ('65', '2', 'm160723_000000_seomatic_addSeoMainEntityOfPage', '2018-03-22 20:37:17', '2018-03-22 20:37:17', '2018-03-22 20:37:17', 'b0320093-1f49-49cf-9419-97414e5a2dfb'),
 ('66', '2', 'm160724_000000_seomatic_addSeoMainEntityCategory', '2018-03-22 20:37:17', '2018-03-22 20:37:17', '2018-03-22 20:37:17', '85ddcb88-280b-4031-90a8-170120e5b4c3'),
 ('67', '2', 'm160811_000000_seomatic_addVimeo', '2018-03-22 20:37:17', '2018-03-22 20:37:17', '2018-03-22 20:37:17', '8cb68a9d-da16-403a-a268-7a5d8213a119'),
 ('68', '2', 'm160904_000000_seomatic_addTwitterFacebookImages', '2018-03-22 20:37:17', '2018-03-22 20:37:17', '2018-03-22 20:37:17', '7ebcb17f-b247-4252-803c-f33d719588cc'),
 ('69', '2', 'm161220_000000_seomatic_addPriceRange', '2018-03-22 20:37:17', '2018-03-22 20:37:17', '2018-03-22 20:37:17', 'ac7e48de-3293-46d5-b64a-307a1bc9e0b1');



DROP TABLE IF EXISTS `craft_plugins`;


--
-- Schema for table `craft_plugins`
--
CREATE TABLE `craft_plugins` (
  `id` int(11) NOT NULL AUTO_INCREMENT,
  `class` varchar(150) COLLATE utf8_unicode_ci NOT NULL,
  `version` varchar(15) COLLATE utf8_unicode_ci NOT NULL,
  `schemaVersion` varchar(15) COLLATE utf8_unicode_ci DEFAULT NULL,
  `licenseKey` char(24) COLLATE utf8_unicode_ci DEFAULT NULL,
  `licenseKeyStatus` enum('valid','invalid','mismatched','unknown') COLLATE utf8_unicode_ci NOT NULL DEFAULT 'unknown',
  `enabled` tinyint(1) unsigned NOT NULL DEFAULT '0',
  `settings` text COLLATE utf8_unicode_ci,
  `installDate` datetime NOT NULL,
  `dateCreated` datetime NOT NULL,
  `dateUpdated` datetime NOT NULL,
  `uid` char(36) COLLATE utf8_unicode_ci NOT NULL DEFAULT '0',
  PRIMARY KEY (`id`)
) ENGINE=InnoDB AUTO_INCREMENT=4 DEFAULT CHARSET=utf8 COLLATE=utf8_unicode_ci;

--
-- Data for table `craft_plugins`
--

INSERT INTO `craft_plugins` (`id`, `class`, `version`, `schemaVersion`, `licenseKey`, `licenseKeyStatus`, `enabled`, `settings`, `installDate`, `dateCreated`, `dateUpdated`, `uid`) VALUES
 ('1', 'AmNav', '1.8.0', '1.7.4', NULL, 'unknown', '1', NULL, '2018-03-15 18:55:58', '2018-03-15 18:55:58', '2018-04-10 02:06:56', '49e6edd6-f677-49be-afe2-d6c3d7b47b17'),
 ('2', 'Seomatic', '1.1.40', '1.1.23', NULL, 'unknown', '1', NULL, '2018-03-22 20:37:17', '2018-03-22 20:37:17', '2018-04-10 02:06:56', '8da2fa43-67c2-484e-bce9-0d97791a2227'),
 ('3', 'Adminbar', '2.1.1', '2.0.0', NULL, 'unknown', '1', NULL, '2018-04-05 19:53:54', '2018-04-05 19:53:54', '2018-04-10 02:06:56', 'eb60ac51-c54f-4d57-aa30-ab24bb053901');



DROP TABLE IF EXISTS `craft_rackspaceaccess`;


--
-- Schema for table `craft_rackspaceaccess`
--
CREATE TABLE `craft_rackspaceaccess` (
  `id` int(11) NOT NULL AUTO_INCREMENT,
  `connectionKey` varchar(255) COLLATE utf8_unicode_ci NOT NULL,
  `token` varchar(255) COLLATE utf8_unicode_ci NOT NULL,
  `storageUrl` varchar(255) COLLATE utf8_unicode_ci NOT NULL,
  `cdnUrl` varchar(255) COLLATE utf8_unicode_ci NOT NULL,
  `dateCreated` datetime NOT NULL,
  `dateUpdated` datetime NOT NULL,
  `uid` char(36) COLLATE utf8_unicode_ci NOT NULL DEFAULT '0',
  PRIMARY KEY (`id`),
  UNIQUE KEY `craft_rackspaceaccess_connectionKey_unq_idx` (`connectionKey`)
) ENGINE=InnoDB DEFAULT CHARSET=utf8 COLLATE=utf8_unicode_ci;

DROP TABLE IF EXISTS `craft_relations`;


--
-- Schema for table `craft_relations`
--
CREATE TABLE `craft_relations` (
  `id` int(11) NOT NULL AUTO_INCREMENT,
  `fieldId` int(11) NOT NULL,
  `sourceId` int(11) NOT NULL,
  `sourceLocale` char(12) COLLATE utf8_unicode_ci DEFAULT NULL,
  `targetId` int(11) NOT NULL,
  `sortOrder` smallint(6) DEFAULT NULL,
  `dateCreated` datetime NOT NULL,
  `dateUpdated` datetime NOT NULL,
  `uid` char(36) COLLATE utf8_unicode_ci NOT NULL DEFAULT '0',
  PRIMARY KEY (`id`),
  UNIQUE KEY `craft_relations_fieldId_sourceId_sourceLocale_targetId_unq_idx` (`fieldId`,`sourceId`,`sourceLocale`,`targetId`),
  KEY `craft_relations_sourceId_fk` (`sourceId`),
  KEY `craft_relations_sourceLocale_fk` (`sourceLocale`),
  KEY `craft_relations_targetId_fk` (`targetId`)
) ENGINE=InnoDB AUTO_INCREMENT=14 DEFAULT CHARSET=utf8 COLLATE=utf8_unicode_ci;

--
-- Data for table `craft_relations`
--

INSERT INTO `craft_relations` (`id`, `fieldId`, `sourceId`, `sourceLocale`, `targetId`, `sortOrder`, `dateCreated`, `dateUpdated`, `uid`) VALUES
 ('4', '6', '2', NULL, '4', '1', '2018-03-15 20:18:10', '2018-03-15 20:18:10', '6a85a896-d939-434c-bf67-2dae865c55f2'),
 ('5', '6', '2', NULL, '12', '2', '2018-03-15 20:18:10', '2018-03-15 20:18:10', '2e2432a9-5197-4250-866e-6ffc04d6672b'),
 ('10', '11', '5', NULL, '44', '1', '2018-03-22 23:02:01', '2018-03-22 23:02:01', 'd696b7c7-8ec3-4946-8420-e4f928e74bbe'),
 ('11', '10', '6', NULL, '45', '1', '2018-03-22 23:02:09', '2018-03-22 23:02:09', '8a207337-961a-4802-bcf8-834f465fff9b'),
 ('13', '18', '13', NULL, '46', '1', '2018-04-05 20:30:22', '2018-04-05 20:30:22', '5c14dd73-0153-42ef-a439-0d46a6d947f3');



DROP TABLE IF EXISTS `craft_routes`;


--
-- Schema for table `craft_routes`
--
CREATE TABLE `craft_routes` (
  `id` int(11) NOT NULL AUTO_INCREMENT,
  `locale` char(12) COLLATE utf8_unicode_ci DEFAULT NULL,
  `urlParts` varchar(255) COLLATE utf8_unicode_ci NOT NULL,
  `urlPattern` varchar(255) COLLATE utf8_unicode_ci NOT NULL,
  `template` varchar(255) COLLATE utf8_unicode_ci NOT NULL,
  `sortOrder` smallint(6) unsigned DEFAULT NULL,
  `dateCreated` datetime NOT NULL,
  `dateUpdated` datetime NOT NULL,
  `uid` char(36) COLLATE utf8_unicode_ci NOT NULL DEFAULT '0',
  PRIMARY KEY (`id`),
  KEY `craft_routes_locale_idx` (`locale`),
  KEY `craft_routes_urlPattern_idx` (`urlPattern`)
) ENGINE=InnoDB DEFAULT CHARSET=utf8 COLLATE=utf8_unicode_ci;

DROP TABLE IF EXISTS `craft_searchindex`;


--
-- Schema for table `craft_searchindex`
--
CREATE TABLE `craft_searchindex` (
  `elementId` int(11) NOT NULL,
  `attribute` varchar(25) COLLATE utf8_unicode_ci NOT NULL,
  `fieldId` int(11) NOT NULL,
  `locale` char(12) COLLATE utf8_unicode_ci NOT NULL,
  `keywords` text COLLATE utf8_unicode_ci NOT NULL,
  PRIMARY KEY (`elementId`,`attribute`,`fieldId`,`locale`),
  FULLTEXT KEY `craft_searchindex_keywords_idx` (`keywords`)
) ENGINE=MyISAM DEFAULT CHARSET=utf8 COLLATE=utf8_unicode_ci;

--
-- Data for table `craft_searchindex`
--

INSERT INTO `craft_searchindex` (`elementId`, `attribute`, `fieldId`, `locale`, `keywords`) VALUES
 ('1', 'username', '0', 'en_us', ' ideabase '),
 ('1', 'firstname', '0', 'en_us', ''),
 ('1', 'lastname', '0', 'en_us', ''),
 ('1', 'fullname', '0', 'en_us', ''),
 ('1', 'email', '0', 'en_us', ' challahan ideabasekent com '),
 ('1', 'slug', '0', 'en_us', ''),
 ('2', 'slug', '0', 'en_us', ' homepage '),
 ('2', 'title', '0', 'en_us', ' home '),
 ('2', 'field', '1', 'en_us', ' it s true this site doesn t have a whole lot of content yet but don t worry our web developers have just installed the cms and they re setting things up for the content editors this very moment soon khs ideabasekent com will be an oasis of fresh perspectives sharp analyses and astute opinions that will keep you coming back again and again '),
 ('3', 'field', '1', 'en_us', ' craft is the cms that s powering khs ideabasekent com it s beautiful powerful flexible and easy to use and it s made by pixel tonic we can t wait to dive in and see what it s capable of this is even more captivating content which you couldn t see on the news index page because it was entered after a page break and the news index template only likes to show the content on the first page craft a nice alternative to word if you re making a website '),
 ('3', 'field', '2', 'en_us', ''),
 ('3', 'slug', '0', 'en_us', ' we just installed craft '),
 ('3', 'title', '0', 'en_us', ' we just installed craft '),
 ('3', 'field', '3', 'en_us', ' this is the subheadline '),
 ('4', 'field', '1', 'en_us', ' this is a test '),
 ('4', 'field', '2', 'en_us', ''),
 ('4', 'slug', '0', 'en_us', ' test '),
 ('4', 'title', '0', 'en_us', ' test '),
 ('5', 'field', '11', 'en_us', ' secondary '),
 ('5', 'field', '12', 'en_us', ' http facebook com facebook '),
 ('5', 'field', '9', 'en_us', ' 3301234567 '),
 ('5', 'field', '7', 'en_us', ' 123 kent road kent oh 44240 '),
 ('5', 'field', '5', 'en_us', ''),
 ('5', 'field', '8', 'en_us', ' admission is always free '),
 ('5', 'slug', '0', 'en_us', ''),
 ('6', 'field', '10', 'en_us', ' primary '),
 ('6', 'slug', '0', 'en_us', ''),
 ('7', 'field', '5', 'en_us', ' monday friday 8am 5pm monday friday 8am 5pm '),
 ('7', 'slug', '0', 'en_us', ''),
 ('2', 'field', '4', 'en_us', ' test headline '),
 ('2', 'field', '5', 'en_us', ''),
 ('2', 'field', '6', 'en_us', ' test test entry 3 '),
 ('45', 'filename', '0', 'en_us', ' primary png '),
 ('44', 'title', '0', 'en_us', ' secondary '),
 ('44', 'slug', '0', 'en_us', ' secondary '),
 ('44', 'kind', '0', 'en_us', ' image '),
 ('44', 'extension', '0', 'en_us', ' png '),
 ('44', 'filename', '0', 'en_us', ' secondary png '),
 ('10', 'field', '13', 'en_us', ' facebook '),
 ('10', 'field', '14', 'en_us', ' http facebook com '),
 ('10', 'slug', '0', 'en_us', ''),
 ('11', 'field', '3', 'en_us', ' this is the second test entry '),
 ('11', 'field', '1', 'en_us', ' contrary to popular belief lorem ipsum is not simply random text it has roots in a piece of classical latin literature from 45 bc making it over 2000 years old richard mcclintock a latin professor at hampden sydney college in virginia looked up one of the more obscure latin words consectetur from a lorem ipsum passage and going through the cites of the word in classical literature discovered the undoubtable source lorem ipsum comes from sections 1 10 32 and 1 10 33 of de finibus bonorum et malorum the extremes of good and evil by cicero written in 45 bc this book is a treatise on the theory of ethics very popular during the renaissance the first line of lorem ipsum lorem ipsum dolor sit amet comes from a line in section 1 10 32 the standard chunk of lorem ipsum used since the 1500s is reproduced below for those interested sections 1 10 32 and 1 10 33 from de finibus bonorum et malorum by cicero are also reproduced in their exact original form accompanied by english versions from the 1914 translation by h rackham contrary to popular belief lorem ipsum is not simply random text it has roots in a piece of classical latin literature from 45 bc making it over 2000 years old richard mcclintock a latin professor at hampden sydney college in virginia looked up one of the more obscure latin words consectetur from a lorem ipsum passage and going through the cites of the word in classical literature discovered the undoubtable source lorem ipsum comes from sections 1 10 32 and 1 10 33 of de finibus bonorum et malorum the extremes of good and evil by cicero written in 45 bc this book is a treatise on the theory of ethics very popular during the renaissance the first line of lorem ipsum lorem ipsum dolor sit amet comes from a line in section 1 10 32 the standard chunk of lorem ipsum used since the 1500s is reproduced below for those interested sections 1 10 32 and 1 10 33 from de finibus bonorum et malorum by cicero are also reproduced in their exact original form accompanied by english versions from the 1914 translation by h rackham '),
 ('11', 'field', '2', 'en_us', ''),
 ('11', 'slug', '0', 'en_us', ' test entry 2 '),
 ('11', 'title', '0', 'en_us', ' test entry 2 '),
 ('12', 'field', '3', 'en_us', ' this is the third test entry '),
 ('12', 'field', '1', 'en_us', ' contrary to popular belief lorem ipsum is not simply random text it has roots in a piece of classical latin literature from 45 bc making it over 2000 years old richard mcclintock a latin professor at hampden sydney college in virginia looked up one of the more obscure latin words consectetur from a lorem ipsum passage and going through the cites of the word in classical literature discovered the undoubtable source lorem ipsum comes from sections 1 10 32 and 1 10 33 of de finibus bonorum et malorum the extremes of good and evil by cicero written in 45 bc this book is a treatise on the theory of ethics very popular during the renaissance the first line of lorem ipsum lorem ipsum dolor sit amet comes from a line in section 1 10 32 the standard chunk of lorem ipsum used since the 1500s is reproduced below for those interested sections 1 10 32 and 1 10 33 from de finibus bonorum et malorum by cicero are also reproduced in their exact original form accompanied by english versions from the 1914 translation by h rackham contrary to popular belief lorem ipsum is not simply random text it has roots in a piece of classical latin literature from 45 bc making it over 2000 years old richard mcclintock a latin professor at hampden sydney college in virginia looked up one of the more obscure latin words consectetur from a lorem ipsum passage and going through the cites of the word in classical literature discovered the undoubtable source lorem ipsum comes from sections 1 10 32 and 1 10 33 of de finibus bonorum et malorum the extremes of good and evil by cicero written in 45 bc this book is a treatise on the theory of ethics very popular during the renaissance the first line of lorem ipsum lorem ipsum dolor sit amet comes from a line in section 1 10 32 the standard chunk of lorem ipsum used since the 1500s is reproduced below for those interested sections 1 10 32 and 1 10 33 from de finibus bonorum et malorum by cicero are also reproduced in their exact original form accompanied by english versions from the 1914 translation by h rackham '),
 ('12', 'field', '2', 'en_us', ''),
 ('12', 'slug', '0', 'en_us', ' test entry 3 '),
 ('12', 'title', '0', 'en_us', ' test entry 3 '),
 ('13', 'slug', '0', 'en_us', ' about page '),
 ('13', 'title', '0', 'en_us', ' about page '),
 ('14', 'slug', '0', 'en_us', ' collections and resources '),
 ('14', 'title', '0', 'en_us', ' collections and resources '),
 ('15', 'slug', '0', 'en_us', ' donate '),
 ('15', 'title', '0', 'en_us', ' donate '),
 ('16', 'slug', '0', 'en_us', ' join '),
 ('16', 'title', '0', 'en_us', ' join '),
 ('17', 'slug', '0', 'en_us', ' our home '),
 ('17', 'title', '0', 'en_us', ' our home '),
 ('18', 'slug', '0', 'en_us', ' shop '),
 ('18', 'title', '0', 'en_us', ' shop '),
 ('19', 'slug', '0', 'en_us', ' support '),
 ('19', 'title', '0', 'en_us', ' support '),
 ('20', 'slug', '0', 'en_us', ' plan your visit '),
 ('20', 'title', '0', 'en_us', ' plan your visit '),
 ('21', 'slug', '0', 'en_us', ' volunteer '),
 ('21', 'title', '0', 'en_us', ' volunteer '),
 ('22', 'slug', '0', 'en_us', ' exhibit opening '),
 ('22', 'title', '0', 'en_us', ' exhibit reception '),
 ('23', 'slug', '0', 'en_us', ' community event '),
 ('23', 'title', '0', 'en_us', ' community event '),
 ('24', 'slug', '0', 'en_us', ' family event '),
 ('24', 'title', '0', 'en_us', ' family event '),
 ('25', 'slug', '0', 'en_us', ' kid friendly event '),
 ('25', 'title', '0', 'en_us', ' kid friendly event '),
 ('26', 'slug', '0', 'en_us', ' members event '),
 ('26', 'title', '0', 'en_us', ' members event '),
 ('27', 'slug', '0', 'en_us', ' homeowners event '),
 ('27', 'title', '0', 'en_us', ' homeowners event '),
 ('28', 'slug', '0', 'en_us', ' video '),
 ('28', 'title', '0', 'en_us', ' video '),
 ('29', 'slug', '0', 'en_us', ' photograph '),
 ('29', 'title', '0', 'en_us', ' photograph '),
 ('30', 'slug', '0', 'en_us', ' document '),
 ('30', 'title', '0', 'en_us', ' document '),
 ('31', 'slug', '0', 'en_us', ' audio '),
 ('31', 'title', '0', 'en_us', ' audio '),
 ('32', 'slug', '0', 'en_us', ' book '),
 ('32', 'title', '0', 'en_us', ' book '),
 ('33', 'slug', '0', 'en_us', ' periodical '),
 ('33', 'title', '0', 'en_us', ' periodical '),
 ('34', 'slug', '0', 'en_us', ' artifact '),
 ('34', 'title', '0', 'en_us', ' artifact '),
 ('35', 'slug', '0', 'en_us', ' available for purchase '),
 ('35', 'title', '0', 'en_us', ' available for purchase '),
 ('13', 'field', '18', 'en_us', ' newheadshot square '),
 ('13', 'field', '15', 'en_us', ' fdsfdsfdsfds '),
 ('36', 'slug', '0', 'en_us', ' kent tribune ');
INSERT INTO `craft_searchindex` (`elementId`, `attribute`, `fieldId`, `locale`, `keywords`) VALUES
 ('36', 'title', '0', 'en_us', ' kent tribune '),
 ('37', 'slug', '0', 'en_us', ' railroad '),
 ('37', 'title', '0', 'en_us', ' railroad history '),
 ('38', 'slug', '0', 'en_us', ' historic landmark '),
 ('38', 'title', '0', 'en_us', ' historic landmark '),
 ('39', 'slug', '0', 'en_us', ' city history '),
 ('39', 'title', '0', 'en_us', ' city history '),
 ('40', 'slug', '0', 'en_us', ' founding family '),
 ('40', 'title', '0', 'en_us', ' founding family '),
 ('41', 'slug', '0', 'en_us', ' residential history '),
 ('41', 'title', '0', 'en_us', ' residential history '),
 ('42', 'slug', '0', 'en_us', ' academic history '),
 ('42', 'title', '0', 'en_us', ' academic history '),
 ('45', 'extension', '0', 'en_us', ' png '),
 ('45', 'kind', '0', 'en_us', ' image '),
 ('45', 'slug', '0', 'en_us', ' primary '),
 ('45', 'title', '0', 'en_us', ' primary '),
 ('13', 'field', '37', 'en_us', ' 1 en_us 1 0 template creativework webpage about page about page 46 about page about page field title field title custom title field featureimage custom featureimage custom featureimage '),
 ('46', 'filename', '0', 'en_us', ' newheadshot square jpg '),
 ('46', 'extension', '0', 'en_us', ' jpg '),
 ('46', 'kind', '0', 'en_us', ' image '),
 ('46', 'slug', '0', 'en_us', ' newheadshot square '),
 ('46', 'title', '0', 'en_us', ' newheadshot square ');



DROP TABLE IF EXISTS `craft_sections`;


--
-- Schema for table `craft_sections`
--
CREATE TABLE `craft_sections` (
  `id` int(11) NOT NULL AUTO_INCREMENT,
  `structureId` int(11) DEFAULT NULL,
  `name` varchar(255) COLLATE utf8_unicode_ci NOT NULL,
  `handle` varchar(255) COLLATE utf8_unicode_ci NOT NULL,
  `type` enum('single','channel','structure') COLLATE utf8_unicode_ci NOT NULL DEFAULT 'channel',
  `hasUrls` tinyint(1) unsigned NOT NULL DEFAULT '1',
  `template` varchar(500) COLLATE utf8_unicode_ci DEFAULT NULL,
  `enableVersioning` tinyint(1) unsigned NOT NULL DEFAULT '0',
  `dateCreated` datetime NOT NULL,
  `dateUpdated` datetime NOT NULL,
  `uid` char(36) COLLATE utf8_unicode_ci NOT NULL DEFAULT '0',
  PRIMARY KEY (`id`),
  UNIQUE KEY `craft_sections_name_unq_idx` (`name`),
  UNIQUE KEY `craft_sections_handle_unq_idx` (`handle`),
  KEY `craft_sections_structureId_fk` (`structureId`)
) ENGINE=InnoDB AUTO_INCREMENT=16 DEFAULT CHARSET=utf8 COLLATE=utf8_unicode_ci;

--
-- Data for table `craft_sections`
--

INSERT INTO `craft_sections` (`id`, `structureId`, `name`, `handle`, `type`, `hasUrls`, `template`, `enableVersioning`, `dateCreated`, `dateUpdated`, `uid`) VALUES
 ('1', NULL, 'Homepage', 'homepage', 'single', '1', 'index', '1', '2018-01-10 21:34:43', '2018-01-10 21:34:43', 'e93e1c33-ed10-487d-a5e9-b88b22c84b8f'),
 ('2', NULL, 'News', 'news', 'channel', '1', 'news/_entry', '1', '2018-01-10 21:34:43', '2018-01-10 21:34:43', 'bf5d2610-1787-4e39-8ff4-53e50d8897b1'),
 ('3', NULL, 'About', 'about', 'single', '1', 'singles/about/index', '1', '2018-03-21 00:15:28', '2018-04-05 20:27:40', '3c77f636-24af-4516-91f4-445985780eb0'),
 ('4', NULL, 'Collections And Resources', 'collectionsAndResources', 'single', '1', 'collections-and-resources', '1', '2018-03-21 00:20:26', '2018-03-21 00:20:26', 'a3ffaafa-e463-4af9-b043-71824c2f379d'),
 ('5', NULL, 'Donate', 'donate', 'single', '1', 'donate', '1', '2018-03-21 00:20:55', '2018-03-21 00:20:55', '6af0236f-82de-4038-95ed-426ea77eb437'),
 ('6', NULL, 'Join', 'join', 'single', '1', 'join', '1', '2018-03-21 00:21:10', '2018-03-21 00:21:10', 'eeed2a18-b129-4db9-a5a7-27768c6ef061'),
 ('7', NULL, 'Our Home', 'ourHome', 'single', '1', 'our-home', '1', '2018-03-21 00:21:32', '2018-03-21 00:21:32', '4f0cb102-e592-4a47-bd2e-341110f12cb3'),
 ('8', NULL, 'Plan Your Visit', 'planYourVisit', 'single', '1', 'plan-your-visit/_entry', '1', '2018-03-21 00:21:49', '2018-03-21 00:23:00', '21a566f2-7460-4d52-842b-9b851afce9d2'),
 ('9', NULL, 'Shop', 'shop', 'single', '1', 'shop', '1', '2018-03-21 00:22:06', '2018-03-21 00:22:06', '39472822-dece-4551-8e2d-59bd2bed1aa8'),
 ('10', NULL, 'Support', 'support', 'single', '1', 'support', '1', '2018-03-21 00:22:18', '2018-03-21 00:22:18', 'c2ad3b72-f434-4003-b9a1-082b9c5665ac'),
 ('11', NULL, 'Volunteer', 'volunteer', 'single', '1', 'volunteer', '1', '2018-03-21 00:23:45', '2018-03-21 00:23:45', '9df862e6-0333-4431-9dcd-8e22ca81a0f4'),
 ('12', NULL, 'Basic Page', 'basicPage', 'channel', '1', 'basic-page/_entry', '1', '2018-03-22 01:12:50', '2018-03-22 01:12:50', '1e33c91d-b497-46ee-8ed9-c32bb78198fd'),
 ('13', NULL, 'Events', 'events', 'channel', '1', 'events/_entry', '1', '2018-03-22 01:14:25', '2018-03-22 01:14:25', '671fdc22-4ece-4c7e-b2c4-cea8a2d1ece9'),
 ('14', NULL, 'Exhibits', 'exhibits', 'channel', '1', 'exhibits/_entry', '1', '2018-03-22 01:14:52', '2018-03-22 01:14:52', '6001ee62-9120-4677-be44-1e8f2ba1e5e9'),
 ('15', NULL, 'Historical Media', 'historicalMedia', 'channel', '1', 'historical-media/_entry', '1', '2018-03-22 01:20:25', '2018-03-22 01:20:25', 'e9369f50-3ab8-4b6f-9ede-dad3070a2c1e');



DROP TABLE IF EXISTS `craft_sections_i18n`;


--
-- Schema for table `craft_sections_i18n`
--
CREATE TABLE `craft_sections_i18n` (
  `id` int(11) NOT NULL AUTO_INCREMENT,
  `sectionId` int(11) NOT NULL,
  `locale` char(12) COLLATE utf8_unicode_ci NOT NULL,
  `enabledByDefault` tinyint(1) unsigned NOT NULL DEFAULT '1',
  `urlFormat` text COLLATE utf8_unicode_ci,
  `nestedUrlFormat` text COLLATE utf8_unicode_ci,
  `dateCreated` datetime NOT NULL,
  `dateUpdated` datetime NOT NULL,
  `uid` char(36) COLLATE utf8_unicode_ci NOT NULL DEFAULT '0',
  PRIMARY KEY (`id`),
  UNIQUE KEY `craft_sections_i18n_sectionId_locale_unq_idx` (`sectionId`,`locale`),
  KEY `craft_sections_i18n_locale_fk` (`locale`)
) ENGINE=InnoDB AUTO_INCREMENT=16 DEFAULT CHARSET=utf8 COLLATE=utf8_unicode_ci;

--
-- Data for table `craft_sections_i18n`
--

INSERT INTO `craft_sections_i18n` (`id`, `sectionId`, `locale`, `enabledByDefault`, `urlFormat`, `nestedUrlFormat`, `dateCreated`, `dateUpdated`, `uid`) VALUES
 ('1', '1', 'en_us', '1', '__home__', NULL, '2018-01-10 21:34:43', '2018-01-10 21:34:43', 'b0556608-8e74-49e7-b24d-9889970b7549'),
 ('2', '2', 'en_us', '1', 'news/{postDate.year}/{slug}', NULL, '2018-01-10 21:34:43', '2018-01-10 21:34:43', 'c7e8470f-62ac-4633-9e0e-8acc118a2f40'),
 ('3', '3', 'en_us', '1', 'about', NULL, '2018-03-21 00:15:28', '2018-03-22 20:15:26', '211c1dd8-0d41-44a8-be6e-5f8d6a5f9f73'),
 ('4', '4', 'en_us', '1', 'collections-and-resources', NULL, '2018-03-21 00:20:26', '2018-03-21 00:20:26', 'ad8653da-c492-42a2-9e1b-784d4298855b'),
 ('5', '5', 'en_us', '1', 'donate', NULL, '2018-03-21 00:20:55', '2018-03-21 00:20:55', 'f0082d6f-2307-4efa-b07e-bf03eec4e6ac'),
 ('6', '6', 'en_us', '1', 'join', NULL, '2018-03-21 00:21:10', '2018-03-21 00:21:10', 'e74cf095-e6f4-4f3f-8917-27a2b7e6ed1c'),
 ('7', '7', 'en_us', '1', 'our-home', NULL, '2018-03-21 00:21:32', '2018-03-21 00:21:32', '108dec76-d504-4995-ad55-62ef0c84b31e'),
 ('8', '8', 'en_us', '1', 'planYourVisit', NULL, '2018-03-21 00:21:49', '2018-03-21 00:23:00', 'effd0085-4960-4208-9e50-2734120035f9'),
 ('9', '9', 'en_us', '1', 'shop', NULL, '2018-03-21 00:22:06', '2018-03-21 00:22:06', '3c3d0807-91a9-4f89-8c11-c4d487be7fb1'),
 ('10', '10', 'en_us', '1', 'support', NULL, '2018-03-21 00:22:18', '2018-03-21 00:22:18', '283cc84f-9d2f-4ae4-ba51-804b863634a5'),
 ('11', '11', 'en_us', '1', 'volunteer', NULL, '2018-03-21 00:23:45', '2018-03-21 00:23:45', '70900f60-f06a-4f7a-b130-d8e22e3378b9'),
 ('12', '12', 'en_us', '1', 'basic-page/{slug}', NULL, '2018-03-22 01:12:50', '2018-03-22 01:12:50', '6c3257f8-2406-416d-8727-039de3bb626e'),
 ('13', '13', 'en_us', '1', 'events/{slug}', NULL, '2018-03-22 01:14:25', '2018-03-22 01:14:25', '41176338-99e0-4b67-9d4f-67d7f0bfd1c0'),
 ('14', '14', 'en_us', '1', 'exhibits/{slug}', NULL, '2018-03-22 01:14:52', '2018-03-22 01:14:52', 'f1c8ca20-b2ae-4f3c-a4f9-fa174f638501'),
 ('15', '15', 'en_us', '1', 'historical-media/{slug}', NULL, '2018-03-22 01:20:25', '2018-03-22 01:20:25', 'b66da1f8-085a-4b50-84fe-bc5e41c8a803');



DROP TABLE IF EXISTS `craft_seomatic_meta`;


--
-- Schema for table `craft_seomatic_meta`
--
CREATE TABLE `craft_seomatic_meta` (
  `id` int(11) NOT NULL,
  `seoImageId` int(11) DEFAULT NULL,
  `seoTwitterImageId` int(11) DEFAULT NULL,
  `seoFacebookImageId` int(11) DEFAULT NULL,
  `locale` varchar(255) COLLATE utf8_unicode_ci DEFAULT 'en_us',
  `elementId` int(10) DEFAULT '0',
  `metaType` enum('default','template') COLLATE utf8_unicode_ci DEFAULT 'template',
  `metaPath` varchar(255) COLLATE utf8_unicode_ci DEFAULT '',
  `seoMainEntityCategory` varchar(255) COLLATE utf8_unicode_ci DEFAULT '',
  `seoMainEntityOfPage` varchar(255) COLLATE utf8_unicode_ci DEFAULT '',
  `seoTitle` varchar(255) COLLATE utf8_unicode_ci DEFAULT '',
  `seoDescription` varchar(255) COLLATE utf8_unicode_ci DEFAULT '',
  `seoKeywords` varchar(255) COLLATE utf8_unicode_ci DEFAULT '',
  `seoImageTransform` varchar(255) COLLATE utf8_unicode_ci DEFAULT '',
  `seoFacebookImageTransform` varchar(255) COLLATE utf8_unicode_ci DEFAULT '',
  `seoTwitterImageTransform` varchar(255) COLLATE utf8_unicode_ci DEFAULT '',
  `twitterCardType` varchar(255) COLLATE utf8_unicode_ci DEFAULT 'summary',
  `openGraphType` varchar(255) COLLATE utf8_unicode_ci DEFAULT 'website',
  `robots` varchar(255) COLLATE utf8_unicode_ci DEFAULT '',
  `dateCreated` datetime NOT NULL,
  `dateUpdated` datetime NOT NULL,
  `uid` char(36) COLLATE utf8_unicode_ci NOT NULL DEFAULT '0',
  PRIMARY KEY (`id`),
  KEY `craft_seomatic_meta_seoImageId_fk` (`seoImageId`),
  KEY `craft_seomatic_meta_seoTwitterImageId_fk` (`seoTwitterImageId`),
  KEY `craft_seomatic_meta_seoFacebookImageId_fk` (`seoFacebookImageId`)
) ENGINE=InnoDB DEFAULT CHARSET=utf8 COLLATE=utf8_unicode_ci;

DROP TABLE IF EXISTS `craft_seomatic_settings`;


--
-- Schema for table `craft_seomatic_settings`
--
CREATE TABLE `craft_seomatic_settings` (
  `id` int(11) NOT NULL AUTO_INCREMENT,
  `siteSeoImageId` int(11) DEFAULT NULL,
  `siteSeoTwitterImageId` int(11) DEFAULT NULL,
  `siteSeoFacebookImageId` int(11) DEFAULT NULL,
  `genericOwnerImageId` int(11) DEFAULT NULL,
  `genericCreatorImageId` int(11) DEFAULT NULL,
  `locale` varchar(255) COLLATE utf8_unicode_ci DEFAULT '',
  `siteSeoName` varchar(255) COLLATE utf8_unicode_ci DEFAULT '',
  `siteSeoTitle` varchar(255) COLLATE utf8_unicode_ci DEFAULT '',
  `siteSeoTitleSeparator` varchar(10) COLLATE utf8_unicode_ci DEFAULT '|',
  `siteSeoTitlePlacement` enum('before','after','none') COLLATE utf8_unicode_ci DEFAULT 'after',
  `siteSeoDescription` varchar(255) COLLATE utf8_unicode_ci DEFAULT '',
  `siteSeoKeywords` varchar(255) COLLATE utf8_unicode_ci DEFAULT '',
  `siteSeoImageTransform` varchar(100) COLLATE utf8_unicode_ci DEFAULT '',
  `siteSeoFacebookImageTransform` varchar(100) COLLATE utf8_unicode_ci DEFAULT '',
  `siteSeoTwitterImageTransform` varchar(100) COLLATE utf8_unicode_ci DEFAULT '',
  `siteTwitterCardType` varchar(50) COLLATE utf8_unicode_ci DEFAULT '',
  `siteOpenGraphType` varchar(50) COLLATE utf8_unicode_ci DEFAULT '',
  `siteRobots` varchar(50) COLLATE utf8_unicode_ci DEFAULT '',
  `siteRobotsTxt` text COLLATE utf8_unicode_ci,
  `siteLinksSearchTargets` text COLLATE utf8_unicode_ci,
  `siteLinksQueryInput` varchar(50) COLLATE utf8_unicode_ci DEFAULT '',
  `googleSiteVerification` varchar(100) COLLATE utf8_unicode_ci DEFAULT '',
  `bingSiteVerification` varchar(100) COLLATE utf8_unicode_ci DEFAULT '',
  `googleAnalyticsUID` varchar(50) COLLATE utf8_unicode_ci DEFAULT '',
  `googleTagManagerID` varchar(50) COLLATE utf8_unicode_ci DEFAULT '',
  `googleAnalyticsSendPageview` tinyint(1) unsigned NOT NULL DEFAULT '1',
  `googleAnalyticsAdvertising` tinyint(1) unsigned NOT NULL DEFAULT '0',
  `googleAnalyticsEcommerce` tinyint(1) unsigned NOT NULL DEFAULT '0',
  `googleAnalyticsEEcommerce` tinyint(1) unsigned NOT NULL DEFAULT '0',
  `googleAnalyticsLinkAttribution` tinyint(1) unsigned NOT NULL DEFAULT '0',
  `googleAnalyticsLinker` tinyint(1) unsigned NOT NULL DEFAULT '0',
  `siteOwnerType` varchar(50) COLLATE utf8_unicode_ci DEFAULT '',
  `siteOwnerSubType` varchar(50) COLLATE utf8_unicode_ci DEFAULT '',
  `siteOwnerSpecificType` varchar(50) COLLATE utf8_unicode_ci DEFAULT '',
  `genericOwnerName` varchar(255) COLLATE utf8_unicode_ci DEFAULT '',
  `genericOwnerAlternateName` varchar(255) COLLATE utf8_unicode_ci DEFAULT '',
  `genericOwnerDescription` varchar(1024) COLLATE utf8_unicode_ci DEFAULT '',
  `genericOwnerUrl` varchar(255) COLLATE utf8_unicode_ci DEFAULT '',
  `genericOwnerTelephone` varchar(255) COLLATE utf8_unicode_ci DEFAULT '',
  `genericOwnerEmail` varchar(255) COLLATE utf8_unicode_ci DEFAULT '',
  `genericOwnerStreetAddress` varchar(255) COLLATE utf8_unicode_ci DEFAULT '',
  `genericOwnerAddressLocality` varchar(255) COLLATE utf8_unicode_ci DEFAULT '',
  `genericOwnerAddressRegion` varchar(255) COLLATE utf8_unicode_ci DEFAULT '',
  `genericOwnerPostalCode` varchar(255) COLLATE utf8_unicode_ci DEFAULT '',
  `genericOwnerAddressCountry` varchar(255) COLLATE utf8_unicode_ci DEFAULT '',
  `genericOwnerGeoLatitude` varchar(255) COLLATE utf8_unicode_ci DEFAULT '',
  `genericOwnerGeoLongitude` varchar(255) COLLATE utf8_unicode_ci DEFAULT '',
  `organizationOwnerDuns` varchar(255) COLLATE utf8_unicode_ci DEFAULT '',
  `organizationOwnerFounder` varchar(255) COLLATE utf8_unicode_ci DEFAULT '',
  `organizationOwnerFoundingDate` varchar(255) COLLATE utf8_unicode_ci DEFAULT '',
  `organizationOwnerFoundingLocation` varchar(255) COLLATE utf8_unicode_ci DEFAULT '',
  `organizationOwnerContactPoints` text COLLATE utf8_unicode_ci,
  `localBusinessPriceRange` varchar(10) COLLATE utf8_unicode_ci DEFAULT '$$$',
  `localBusinessOwnerOpeningHours` text COLLATE utf8_unicode_ci,
  `corporationOwnerTickerSymbol` varchar(255) COLLATE utf8_unicode_ci DEFAULT '',
  `restaurantOwnerServesCuisine` varchar(255) COLLATE utf8_unicode_ci DEFAULT '',
  `restaurantOwnerMenuUrl` varchar(255) COLLATE utf8_unicode_ci DEFAULT '',
  `restaurantOwnerReservationsUrl` varchar(255) COLLATE utf8_unicode_ci DEFAULT '',
  `personOwnerGender` varchar(255) COLLATE utf8_unicode_ci DEFAULT '',
  `personOwnerBirthPlace` varchar(255) COLLATE utf8_unicode_ci DEFAULT '',
  `twitterHandle` varchar(50) COLLATE utf8_unicode_ci DEFAULT '',
  `facebookHandle` varchar(50) COLLATE utf8_unicode_ci DEFAULT '',
  `facebookProfileId` varchar(50) COLLATE utf8_unicode_ci DEFAULT '',
  `facebookAppId` varchar(50) COLLATE utf8_unicode_ci DEFAULT '',
  `linkedInHandle` varchar(50) COLLATE utf8_unicode_ci DEFAULT '',
  `googlePlusHandle` varchar(50) COLLATE utf8_unicode_ci DEFAULT '',
  `youtubeHandle` varchar(50) COLLATE utf8_unicode_ci DEFAULT '',
  `youtubeChannelHandle` varchar(50) COLLATE utf8_unicode_ci DEFAULT '',
  `instagramHandle` varchar(50) COLLATE utf8_unicode_ci DEFAULT '',
  `pinterestHandle` varchar(50) COLLATE utf8_unicode_ci DEFAULT '',
  `githubHandle` varchar(50) COLLATE utf8_unicode_ci DEFAULT '',
  `vimeoHandle` varchar(50) COLLATE utf8_unicode_ci DEFAULT '',
  `siteCreatorType` varchar(255) COLLATE utf8_unicode_ci DEFAULT '',
  `siteCreatorSubType` varchar(255) COLLATE utf8_unicode_ci DEFAULT '',
  `siteCreatorSpecificType` varchar(255) COLLATE utf8_unicode_ci DEFAULT '',
  `genericCreatorName` varchar(255) COLLATE utf8_unicode_ci DEFAULT '',
  `genericCreatorAlternateName` varchar(255) COLLATE utf8_unicode_ci DEFAULT '',
  `genericCreatorDescription` varchar(1024) COLLATE utf8_unicode_ci DEFAULT '',
  `genericCreatorUrl` varchar(255) COLLATE utf8_unicode_ci DEFAULT '',
  `genericCreatorTelephone` varchar(255) COLLATE utf8_unicode_ci DEFAULT '',
  `genericCreatorEmail` varchar(255) COLLATE utf8_unicode_ci DEFAULT '',
  `genericCreatorStreetAddress` varchar(255) COLLATE utf8_unicode_ci DEFAULT '',
  `genericCreatorAddressLocality` varchar(255) COLLATE utf8_unicode_ci DEFAULT '',
  `genericCreatorAddressRegion` varchar(255) COLLATE utf8_unicode_ci DEFAULT '',
  `genericCreatorPostalCode` varchar(255) COLLATE utf8_unicode_ci DEFAULT '',
  `genericCreatorAddressCountry` varchar(255) COLLATE utf8_unicode_ci DEFAULT '',
  `genericCreatorGeoLatitude` varchar(255) COLLATE utf8_unicode_ci DEFAULT '',
  `genericCreatorGeoLongitude` varchar(255) COLLATE utf8_unicode_ci DEFAULT '',
  `organizationCreatorDuns` varchar(255) COLLATE utf8_unicode_ci DEFAULT '',
  `organizationCreatorFounder` varchar(255) COLLATE utf8_unicode_ci DEFAULT '',
  `organizationCreatorFoundingDate` varchar(255) COLLATE utf8_unicode_ci DEFAULT '',
  `organizationCreatorFoundingLocation` varchar(255) COLLATE utf8_unicode_ci DEFAULT '',
  `organizationCreatorContactPoints` text COLLATE utf8_unicode_ci,
  `localBusinessCreatorOpeningHours` text COLLATE utf8_unicode_ci,
  `corporationCreatorTickerSymbol` varchar(255) COLLATE utf8_unicode_ci DEFAULT '',
  `restaurantCreatorServesCuisine` varchar(255) COLLATE utf8_unicode_ci DEFAULT '',
  `restaurantCreatorMenuUrl` varchar(255) COLLATE utf8_unicode_ci DEFAULT '',
  `restaurantCreatorReservationsUrl` varchar(255) COLLATE utf8_unicode_ci DEFAULT '',
  `personCreatorGender` varchar(255) COLLATE utf8_unicode_ci DEFAULT '',
  `personCreatorBirthPlace` varchar(255) COLLATE utf8_unicode_ci DEFAULT '',
  `genericCreatorHumansTxt` text COLLATE utf8_unicode_ci,
  `dateCreated` datetime NOT NULL,
  `dateUpdated` datetime NOT NULL,
  `uid` char(36) COLLATE utf8_unicode_ci NOT NULL DEFAULT '0',
  PRIMARY KEY (`id`),
  KEY `craft_seomatic_settings_siteSeoImageId_fk` (`siteSeoImageId`),
  KEY `craft_seomatic_settings_siteSeoTwitterImageId_fk` (`siteSeoTwitterImageId`),
  KEY `craft_seomatic_settings_siteSeoFacebookImageId_fk` (`siteSeoFacebookImageId`),
  KEY `craft_seomatic_settings_genericOwnerImageId_fk` (`genericOwnerImageId`),
  KEY `craft_seomatic_settings_genericCreatorImageId_fk` (`genericCreatorImageId`)
) ENGINE=InnoDB AUTO_INCREMENT=2 DEFAULT CHARSET=utf8 COLLATE=utf8_unicode_ci;

--
-- Data for table `craft_seomatic_settings`
--

INSERT INTO `craft_seomatic_settings` (`id`, `siteSeoImageId`, `siteSeoTwitterImageId`, `siteSeoFacebookImageId`, `genericOwnerImageId`, `genericCreatorImageId`, `locale`, `siteSeoName`, `siteSeoTitle`, `siteSeoTitleSeparator`, `siteSeoTitlePlacement`, `siteSeoDescription`, `siteSeoKeywords`, `siteSeoImageTransform`, `siteSeoFacebookImageTransform`, `siteSeoTwitterImageTransform`, `siteTwitterCardType`, `siteOpenGraphType`, `siteRobots`, `siteRobotsTxt`, `siteLinksSearchTargets`, `siteLinksQueryInput`, `googleSiteVerification`, `bingSiteVerification`, `googleAnalyticsUID`, `googleTagManagerID`, `googleAnalyticsSendPageview`, `googleAnalyticsAdvertising`, `googleAnalyticsEcommerce`, `googleAnalyticsEEcommerce`, `googleAnalyticsLinkAttribution`, `googleAnalyticsLinker`, `siteOwnerType`, `siteOwnerSubType`, `siteOwnerSpecificType`, `genericOwnerName`, `genericOwnerAlternateName`, `genericOwnerDescription`, `genericOwnerUrl`, `genericOwnerTelephone`, `genericOwnerEmail`, `genericOwnerStreetAddress`, `genericOwnerAddressLocality`, `genericOwnerAddressRegion`, `genericOwnerPostalCode`, `genericOwnerAddressCountry`, `genericOwnerGeoLatitude`, `genericOwnerGeoLongitude`, `organizationOwnerDuns`, `organizationOwnerFounder`, `organizationOwnerFoundingDate`, `organizationOwnerFoundingLocation`, `organizationOwnerContactPoints`, `localBusinessPriceRange`, `localBusinessOwnerOpeningHours`, `corporationOwnerTickerSymbol`, `restaurantOwnerServesCuisine`, `restaurantOwnerMenuUrl`, `restaurantOwnerReservationsUrl`, `personOwnerGender`, `personOwnerBirthPlace`, `twitterHandle`, `facebookHandle`, `facebookProfileId`, `facebookAppId`, `linkedInHandle`, `googlePlusHandle`, `youtubeHandle`, `youtubeChannelHandle`, `instagramHandle`, `pinterestHandle`, `githubHandle`, `vimeoHandle`, `siteCreatorType`, `siteCreatorSubType`, `siteCreatorSpecificType`, `genericCreatorName`, `genericCreatorAlternateName`, `genericCreatorDescription`, `genericCreatorUrl`, `genericCreatorTelephone`, `genericCreatorEmail`, `genericCreatorStreetAddress`, `genericCreatorAddressLocality`, `genericCreatorAddressRegion`, `genericCreatorPostalCode`, `genericCreatorAddressCountry`, `genericCreatorGeoLatitude`, `genericCreatorGeoLongitude`, `organizationCreatorDuns`, `organizationCreatorFounder`, `organizationCreatorFoundingDate`, `organizationCreatorFoundingLocation`, `organizationCreatorContactPoints`, `localBusinessCreatorOpeningHours`, `corporationCreatorTickerSymbol`, `restaurantCreatorServesCuisine`, `restaurantCreatorMenuUrl`, `restaurantCreatorReservationsUrl`, `personCreatorGender`, `personCreatorBirthPlace`, `genericCreatorHumansTxt`, `dateCreated`, `dateUpdated`, `uid`) VALUES
 ('1', NULL, NULL, NULL, NULL, NULL, 'en_us', 'Kent Historical Society & Museum', 'This is the default global title of the site pages.', '|', 'after', 'This is the default global natural language description of the content on the site pages.', 'default,global,comma-separated,keywords', '', '', '', 'summary', 'website', '', '# robots.txt for {{ siteUrl }}\r\n\r\nSitemap: {{ siteUrl }}/sitemap.xml\r\n\r\n# Don\'t allow web crawlers to index Craft\r\n\r\nUser-agent: *\r\nDisallow: /craft/\r\n', '', '', '', '', '', '', '1', '0', '0', '0', '0', '0', 'Organization', 'Corporation', '', 'Kent Historical Society & Museum', '', '', 'http://khs.ideabasekent.com/', '', '', '', '', '', '', '', '', '', '', '', '', '', '', '$$$', '', '', '', '', '', '', '', '', '', '', '', '', '', '', '', '', '', '', '', 'Organization', 'Corporation', '', '', '', '', '', '', '', '', '', '', '', '', '', '', '', '', '', '', '', '', '', '', '', '', '', '', '/* TEAM */\r\n\r\n{% if seomaticCreator.name is defined and seomaticCreator.name %}\r\nCreator: {{ seomaticCreator.name }}\r\n{% endif %}\r\n{% if seomaticCreator.url is defined and seomaticCreator.url %}\r\nURL: {{ seomaticCreator.url }}\r\n{% endif %}\r\n{% if seomaticCreator.description is defined and seomaticCreator.description %}\r\nDescription: {{ seomaticCreator.description }}\r\n{% endif %}\r\n\r\n/* THANKS */\r\n\r\nPixel & Tonic - https://pixelandtonic.com\r\n\r\n/* SITE */\r\n\r\nStandards: HTML5, CSS3\r\nComponents: Craft CMS, Yii, PHP, Javascript, SEOmatic', '2018-03-22 20:37:21', '2018-03-22 20:37:21', 'aa5751ff-872d-4879-b15f-803e04c80230');



DROP TABLE IF EXISTS `craft_sessions`;


--
-- Schema for table `craft_sessions`
--
CREATE TABLE `craft_sessions` (
  `id` int(11) NOT NULL AUTO_INCREMENT,
  `userId` int(11) NOT NULL,
  `token` char(100) COLLATE utf8_unicode_ci NOT NULL,
  `dateCreated` datetime NOT NULL,
  `dateUpdated` datetime NOT NULL,
  `uid` char(36) COLLATE utf8_unicode_ci NOT NULL DEFAULT '0',
  PRIMARY KEY (`id`),
  KEY `craft_sessions_uid_idx` (`uid`),
  KEY `craft_sessions_token_idx` (`token`),
  KEY `craft_sessions_dateUpdated_idx` (`dateUpdated`),
  KEY `craft_sessions_userId_fk` (`userId`)
) ENGINE=InnoDB AUTO_INCREMENT=33 DEFAULT CHARSET=utf8 COLLATE=utf8_unicode_ci;

DROP TABLE IF EXISTS `craft_shunnedmessages`;


--
-- Schema for table `craft_shunnedmessages`
--
CREATE TABLE `craft_shunnedmessages` (
  `id` int(11) NOT NULL AUTO_INCREMENT,
  `userId` int(11) NOT NULL,
  `message` varchar(255) COLLATE utf8_unicode_ci NOT NULL,
  `expiryDate` datetime DEFAULT NULL,
  `dateCreated` datetime NOT NULL,
  `dateUpdated` datetime NOT NULL,
  `uid` char(36) COLLATE utf8_unicode_ci NOT NULL DEFAULT '0',
  PRIMARY KEY (`id`),
  UNIQUE KEY `craft_shunnedmessages_userId_message_unq_idx` (`userId`,`message`)
) ENGINE=InnoDB DEFAULT CHARSET=utf8 COLLATE=utf8_unicode_ci;

DROP TABLE IF EXISTS `craft_structureelements`;


--
-- Schema for table `craft_structureelements`
--
CREATE TABLE `craft_structureelements` (
  `id` int(11) NOT NULL AUTO_INCREMENT,
  `structureId` int(11) NOT NULL,
  `elementId` int(11) DEFAULT NULL,
  `root` int(11) unsigned DEFAULT NULL,
  `lft` int(11) unsigned NOT NULL,
  `rgt` int(11) unsigned NOT NULL,
  `level` smallint(6) unsigned NOT NULL,
  `dateCreated` datetime NOT NULL,
  `dateUpdated` datetime NOT NULL,
  `uid` char(36) COLLATE utf8_unicode_ci NOT NULL DEFAULT '0',
  PRIMARY KEY (`id`),
  UNIQUE KEY `craft_structureelements_structureId_elementId_unq_idx` (`structureId`,`elementId`),
  KEY `craft_structureelements_root_idx` (`root`),
  KEY `craft_structureelements_lft_idx` (`lft`),
  KEY `craft_structureelements_rgt_idx` (`rgt`),
  KEY `craft_structureelements_level_idx` (`level`),
  KEY `craft_structureelements_elementId_fk` (`elementId`)
) ENGINE=InnoDB AUTO_INCREMENT=25 DEFAULT CHARSET=utf8 COLLATE=utf8_unicode_ci;

--
-- Data for table `craft_structureelements`
--

INSERT INTO `craft_structureelements` (`id`, `structureId`, `elementId`, `root`, `lft`, `rgt`, `level`, `dateCreated`, `dateUpdated`, `uid`) VALUES
 ('1', '1', NULL, '1', '1', '14', '0', '2018-03-22 01:23:32', '2018-03-22 01:23:32', '5b63c514-9265-4ba3-9e2e-c3fe2cf46c55'),
 ('2', '1', '22', '1', '2', '3', '1', '2018-03-22 01:23:32', '2018-03-22 01:23:32', '918389dc-1a20-44c9-860d-428fced43681'),
 ('3', '1', '23', '1', '4', '5', '1', '2018-03-22 01:23:58', '2018-03-22 01:23:58', 'b446c8cf-3117-4030-86c7-0eda512ffd65'),
 ('4', '1', '24', '1', '6', '7', '1', '2018-03-22 01:24:13', '2018-03-22 01:24:13', '2553a091-8f65-40f3-9185-ee236e633efc'),
 ('5', '1', '25', '1', '8', '9', '1', '2018-03-22 01:24:29', '2018-03-22 01:24:29', 'dcc8516d-fd81-47b8-b8f5-9d12e0f4d87c'),
 ('6', '1', '26', '1', '10', '11', '1', '2018-03-22 01:24:58', '2018-03-22 01:24:58', '1d5303da-8e21-49a4-af2d-5efa6c26ff89'),
 ('7', '1', '27', '1', '12', '13', '1', '2018-03-22 01:25:10', '2018-03-22 01:25:10', '422f6c84-2ea8-42c9-8dc4-9d6c35775ef8'),
 ('8', '2', NULL, '8', '1', '18', '0', '2018-03-22 01:27:44', '2018-03-22 01:27:44', '54294097-a385-4c65-a92d-de8441354616'),
 ('9', '2', '28', '8', '2', '3', '1', '2018-03-22 01:27:44', '2018-03-22 01:27:44', '196d4665-1bc6-4fa5-b8ff-f126c21f5724'),
 ('10', '2', '29', '8', '4', '5', '1', '2018-03-22 01:27:54', '2018-03-22 01:27:54', 'a4d83c4b-2b57-4a15-a79e-dc4e2e15de74'),
 ('11', '2', '30', '8', '8', '9', '1', '2018-03-22 01:28:06', '2018-03-22 01:28:06', '93073720-f545-461b-9194-9f6df6556f80'),
 ('12', '2', '31', '8', '6', '7', '1', '2018-03-22 01:28:16', '2018-03-22 01:28:16', 'd5a58135-4036-4294-81a0-fa4b38fad918'),
 ('13', '2', '32', '8', '10', '11', '1', '2018-03-22 01:28:48', '2018-03-22 01:28:48', '7cabc52d-65cf-4eda-bfb7-6fcbb763adc9'),
 ('14', '2', '33', '8', '12', '13', '1', '2018-03-22 01:28:57', '2018-03-22 01:28:57', '1c41ccfc-aa7b-4705-8c0c-d8e12c5ad7b1'),
 ('15', '2', '34', '8', '14', '15', '1', '2018-03-22 01:29:14', '2018-03-22 01:29:14', 'c6e5e22a-5cfc-495a-a9f4-deba3686d7a5'),
 ('16', '2', '35', '8', '16', '17', '1', '2018-03-22 01:29:38', '2018-03-22 01:29:38', '0c63f5d1-4600-46d6-8c31-0e80c850a0fb'),
 ('17', '3', NULL, '17', '1', '16', '0', '2018-03-22 20:20:17', '2018-03-22 20:20:17', 'cc576696-b1bf-41c9-8545-9be6725fad3d'),
 ('18', '3', '36', '17', '2', '3', '1', '2018-03-22 20:20:17', '2018-03-22 20:20:17', '58ebc102-8368-42b1-8b44-61023d176113'),
 ('19', '3', '37', '17', '4', '5', '1', '2018-03-22 20:20:41', '2018-03-22 20:20:41', '5fc4ec4a-5514-4a0c-b673-6f1a1aab94a9'),
 ('20', '3', '38', '17', '6', '7', '1', '2018-03-22 20:21:05', '2018-03-22 20:21:05', '6e3d7ed7-c1b7-4cf6-84f7-665ec35b205e'),
 ('21', '3', '39', '17', '8', '9', '1', '2018-03-22 20:21:28', '2018-03-22 20:21:28', 'fcb0f5ca-3984-4907-8bc6-5d2eea9fe6d1'),
 ('22', '3', '40', '17', '10', '11', '1', '2018-03-22 20:23:15', '2018-03-22 20:23:15', '6b246f9c-bc57-43b3-9ee6-671f6ba43d18'),
 ('23', '3', '41', '17', '12', '13', '1', '2018-03-22 20:27:30', '2018-03-22 20:27:30', 'fca966b0-4d13-4b86-92f0-d67f608d461f'),
 ('24', '3', '42', '17', '14', '15', '1', '2018-03-22 20:29:45', '2018-03-22 20:29:45', '41057679-87e7-44b7-8d9b-a56e8e21cfb7');



DROP TABLE IF EXISTS `craft_structures`;


--
-- Schema for table `craft_structures`
--
CREATE TABLE `craft_structures` (
  `id` int(11) NOT NULL AUTO_INCREMENT,
  `maxLevels` smallint(6) unsigned DEFAULT NULL,
  `dateCreated` datetime NOT NULL,
  `dateUpdated` datetime NOT NULL,
  `uid` char(36) COLLATE utf8_unicode_ci NOT NULL DEFAULT '0',
  PRIMARY KEY (`id`)
) ENGINE=InnoDB AUTO_INCREMENT=4 DEFAULT CHARSET=utf8 COLLATE=utf8_unicode_ci;

--
-- Data for table `craft_structures`
--

INSERT INTO `craft_structures` (`id`, `maxLevels`, `dateCreated`, `dateUpdated`, `uid`) VALUES
 ('1', NULL, '2018-03-22 01:23:02', '2018-03-22 01:23:02', '63c4f37c-a266-4acf-9ae9-7a6a325d6b8d'),
 ('2', NULL, '2018-03-22 01:27:25', '2018-03-22 01:27:25', '7d3a2c57-23f6-439e-b195-5eaec7f01daf'),
 ('3', NULL, '2018-03-22 20:19:32', '2018-03-22 20:19:32', 'a1ef90d1-95d4-4f53-833d-004e8bc94c3e');



DROP TABLE IF EXISTS `craft_systemsettings`;


--
-- Schema for table `craft_systemsettings`
--
CREATE TABLE `craft_systemsettings` (
  `id` int(11) NOT NULL AUTO_INCREMENT,
  `category` varchar(15) COLLATE utf8_unicode_ci NOT NULL,
  `settings` text COLLATE utf8_unicode_ci,
  `dateCreated` datetime NOT NULL,
  `dateUpdated` datetime NOT NULL,
  `uid` char(36) COLLATE utf8_unicode_ci NOT NULL DEFAULT '0',
  PRIMARY KEY (`id`),
  UNIQUE KEY `craft_systemsettings_category_unq_idx` (`category`)
) ENGINE=InnoDB AUTO_INCREMENT=2 DEFAULT CHARSET=utf8 COLLATE=utf8_unicode_ci;

--
-- Data for table `craft_systemsettings`
--

INSERT INTO `craft_systemsettings` (`id`, `category`, `settings`, `dateCreated`, `dateUpdated`, `uid`) VALUES
 ('1', 'email', '{\"protocol\":\"php\",\"emailAddress\":\"challahan@ideabasekent.com\",\"senderName\":\"Kent Historical Society & Museum\"}', '2018-01-10 21:34:43', '2018-01-10 21:34:43', '584b7ba8-77c9-4cd8-ae33-5cd6691964b7');



DROP TABLE IF EXISTS `craft_taggroups`;


--
-- Schema for table `craft_taggroups`
--
CREATE TABLE `craft_taggroups` (
  `id` int(11) NOT NULL AUTO_INCREMENT,
  `name` varchar(255) COLLATE utf8_unicode_ci NOT NULL,
  `handle` varchar(255) COLLATE utf8_unicode_ci NOT NULL,
  `fieldLayoutId` int(10) DEFAULT NULL,
  `dateCreated` datetime NOT NULL,
  `dateUpdated` datetime NOT NULL,
  `uid` char(36) COLLATE utf8_unicode_ci NOT NULL DEFAULT '0',
  PRIMARY KEY (`id`),
  UNIQUE KEY `craft_taggroups_name_unq_idx` (`name`),
  UNIQUE KEY `craft_taggroups_handle_unq_idx` (`handle`),
  KEY `craft_taggroups_fieldLayoutId_fk` (`fieldLayoutId`)
) ENGINE=InnoDB AUTO_INCREMENT=2 DEFAULT CHARSET=utf8 COLLATE=utf8_unicode_ci;

--
-- Data for table `craft_taggroups`
--

INSERT INTO `craft_taggroups` (`id`, `name`, `handle`, `fieldLayoutId`, `dateCreated`, `dateUpdated`, `uid`) VALUES
 ('1', 'Default', 'default', '1', '2018-01-10 21:34:43', '2018-01-10 21:34:43', '34bed9d2-256c-454f-ab42-7603172368a5');



DROP TABLE IF EXISTS `craft_tags`;


--
-- Schema for table `craft_tags`
--
CREATE TABLE `craft_tags` (
  `id` int(11) NOT NULL,
  `groupId` int(11) NOT NULL,
  `dateCreated` datetime NOT NULL,
  `dateUpdated` datetime NOT NULL,
  `uid` char(36) COLLATE utf8_unicode_ci NOT NULL DEFAULT '0',
  PRIMARY KEY (`id`),
  KEY `craft_tags_groupId_fk` (`groupId`)
) ENGINE=InnoDB DEFAULT CHARSET=utf8 COLLATE=utf8_unicode_ci;

DROP TABLE IF EXISTS `craft_tasks`;


--
-- Schema for table `craft_tasks`
--
CREATE TABLE `craft_tasks` (
  `id` int(11) NOT NULL AUTO_INCREMENT,
  `root` int(11) unsigned DEFAULT NULL,
  `lft` int(11) unsigned NOT NULL,
  `rgt` int(11) unsigned NOT NULL,
  `level` smallint(6) unsigned NOT NULL,
  `currentStep` int(11) unsigned DEFAULT NULL,
  `totalSteps` int(11) unsigned DEFAULT NULL,
  `status` enum('pending','error','running') COLLATE utf8_unicode_ci DEFAULT NULL,
  `type` varchar(150) COLLATE utf8_unicode_ci NOT NULL,
  `description` varchar(255) COLLATE utf8_unicode_ci DEFAULT NULL,
  `settings` mediumtext COLLATE utf8_unicode_ci,
  `dateCreated` datetime NOT NULL,
  `dateUpdated` datetime NOT NULL,
  `uid` char(36) COLLATE utf8_unicode_ci NOT NULL DEFAULT '0',
  PRIMARY KEY (`id`),
  KEY `craft_tasks_root_idx` (`root`),
  KEY `craft_tasks_lft_idx` (`lft`),
  KEY `craft_tasks_rgt_idx` (`rgt`),
  KEY `craft_tasks_level_idx` (`level`)
) ENGINE=InnoDB DEFAULT CHARSET=utf8 COLLATE=utf8_unicode_ci;

DROP TABLE IF EXISTS `craft_templatecachecriteria`;


--
-- Schema for table `craft_templatecachecriteria`
--
CREATE TABLE `craft_templatecachecriteria` (
  `id` int(11) NOT NULL AUTO_INCREMENT,
  `cacheId` int(11) NOT NULL,
  `type` varchar(150) COLLATE utf8_unicode_ci NOT NULL,
  `criteria` text COLLATE utf8_unicode_ci NOT NULL,
  PRIMARY KEY (`id`),
  KEY `craft_templatecachecriteria_cacheId_fk` (`cacheId`),
  KEY `craft_templatecachecriteria_type_idx` (`type`)
) ENGINE=InnoDB DEFAULT CHARSET=utf8 COLLATE=utf8_unicode_ci;

DROP TABLE IF EXISTS `craft_templatecacheelements`;


--
-- Schema for table `craft_templatecacheelements`
--
CREATE TABLE `craft_templatecacheelements` (
  `cacheId` int(11) NOT NULL,
  `elementId` int(11) NOT NULL,
  KEY `craft_templatecacheelements_cacheId_fk` (`cacheId`),
  KEY `craft_templatecacheelements_elementId_fk` (`elementId`)
) ENGINE=InnoDB DEFAULT CHARSET=utf8 COLLATE=utf8_unicode_ci;

DROP TABLE IF EXISTS `craft_templatecaches`;


--
-- Schema for table `craft_templatecaches`
--
CREATE TABLE `craft_templatecaches` (
  `id` int(11) NOT NULL AUTO_INCREMENT,
  `cacheKey` varchar(255) COLLATE utf8_unicode_ci NOT NULL,
  `locale` char(12) COLLATE utf8_unicode_ci NOT NULL,
  `path` varchar(255) COLLATE utf8_unicode_ci DEFAULT NULL,
  `expiryDate` datetime NOT NULL,
  `body` mediumtext COLLATE utf8_unicode_ci NOT NULL,
  PRIMARY KEY (`id`),
  KEY `craft_templatecaches_cacheKey_locale_expiryDate_path_idx` (`cacheKey`,`locale`,`expiryDate`,`path`),
  KEY `craft_templatecaches_cacheKey_locale_expiryDate_idx` (`cacheKey`,`locale`,`expiryDate`),
  KEY `craft_templatecaches_locale_fk` (`locale`)
) ENGINE=InnoDB DEFAULT CHARSET=utf8 COLLATE=utf8_unicode_ci;

DROP TABLE IF EXISTS `craft_tokens`;


--
-- Schema for table `craft_tokens`
--
CREATE TABLE `craft_tokens` (
  `id` int(11) NOT NULL AUTO_INCREMENT,
  `token` char(32) COLLATE utf8_unicode_ci NOT NULL,
  `route` text COLLATE utf8_unicode_ci,
  `usageLimit` tinyint(3) unsigned DEFAULT NULL,
  `usageCount` tinyint(3) unsigned DEFAULT NULL,
  `expiryDate` datetime NOT NULL,
  `dateCreated` datetime NOT NULL,
  `dateUpdated` datetime NOT NULL,
  `uid` char(36) COLLATE utf8_unicode_ci NOT NULL DEFAULT '0',
  PRIMARY KEY (`id`),
  UNIQUE KEY `craft_tokens_token_unq_idx` (`token`),
  KEY `craft_tokens_expiryDate_idx` (`expiryDate`)
) ENGINE=InnoDB DEFAULT CHARSET=utf8 COLLATE=utf8_unicode_ci;

DROP TABLE IF EXISTS `craft_usergroups`;


--
-- Schema for table `craft_usergroups`
--
CREATE TABLE `craft_usergroups` (
  `id` int(11) NOT NULL AUTO_INCREMENT,
  `name` varchar(255) COLLATE utf8_unicode_ci NOT NULL,
  `handle` varchar(255) COLLATE utf8_unicode_ci NOT NULL,
  `dateCreated` datetime NOT NULL,
  `dateUpdated` datetime NOT NULL,
  `uid` char(36) COLLATE utf8_unicode_ci NOT NULL DEFAULT '0',
  PRIMARY KEY (`id`),
  UNIQUE KEY `craft_usergroups_name_unq_idx` (`name`),
  UNIQUE KEY `craft_usergroups_handle_unq_idx` (`handle`)
) ENGINE=InnoDB DEFAULT CHARSET=utf8 COLLATE=utf8_unicode_ci;

DROP TABLE IF EXISTS `craft_usergroups_users`;


--
-- Schema for table `craft_usergroups_users`
--
CREATE TABLE `craft_usergroups_users` (
  `id` int(11) NOT NULL AUTO_INCREMENT,
  `groupId` int(11) NOT NULL,
  `userId` int(11) NOT NULL,
  `dateCreated` datetime NOT NULL,
  `dateUpdated` datetime NOT NULL,
  `uid` char(36) COLLATE utf8_unicode_ci NOT NULL DEFAULT '0',
  PRIMARY KEY (`id`),
  UNIQUE KEY `craft_usergroups_users_groupId_userId_unq_idx` (`groupId`,`userId`),
  KEY `craft_usergroups_users_userId_fk` (`userId`)
) ENGINE=InnoDB DEFAULT CHARSET=utf8 COLLATE=utf8_unicode_ci;

DROP TABLE IF EXISTS `craft_userpermissions`;


--
-- Schema for table `craft_userpermissions`
--
CREATE TABLE `craft_userpermissions` (
  `id` int(11) NOT NULL AUTO_INCREMENT,
  `name` varchar(255) COLLATE utf8_unicode_ci NOT NULL,
  `dateCreated` datetime NOT NULL,
  `dateUpdated` datetime NOT NULL,
  `uid` char(36) COLLATE utf8_unicode_ci NOT NULL DEFAULT '0',
  PRIMARY KEY (`id`),
  UNIQUE KEY `craft_userpermissions_name_unq_idx` (`name`)
) ENGINE=InnoDB DEFAULT CHARSET=utf8 COLLATE=utf8_unicode_ci;

DROP TABLE IF EXISTS `craft_userpermissions_usergroups`;


--
-- Schema for table `craft_userpermissions_usergroups`
--
CREATE TABLE `craft_userpermissions_usergroups` (
  `id` int(11) NOT NULL AUTO_INCREMENT,
  `permissionId` int(11) NOT NULL,
  `groupId` int(11) NOT NULL,
  `dateCreated` datetime NOT NULL,
  `dateUpdated` datetime NOT NULL,
  `uid` char(36) COLLATE utf8_unicode_ci NOT NULL DEFAULT '0',
  PRIMARY KEY (`id`),
  UNIQUE KEY `craft_userpermissions_usergroups_permissionId_groupId_unq_idx` (`permissionId`,`groupId`),
  KEY `craft_userpermissions_usergroups_groupId_fk` (`groupId`)
) ENGINE=InnoDB DEFAULT CHARSET=utf8 COLLATE=utf8_unicode_ci;

DROP TABLE IF EXISTS `craft_userpermissions_users`;


--
-- Schema for table `craft_userpermissions_users`
--
CREATE TABLE `craft_userpermissions_users` (
  `id` int(11) NOT NULL AUTO_INCREMENT,
  `permissionId` int(11) NOT NULL,
  `userId` int(11) NOT NULL,
  `dateCreated` datetime NOT NULL,
  `dateUpdated` datetime NOT NULL,
  `uid` char(36) COLLATE utf8_unicode_ci NOT NULL DEFAULT '0',
  PRIMARY KEY (`id`),
  UNIQUE KEY `craft_userpermissions_users_permissionId_userId_unq_idx` (`permissionId`,`userId`),
  KEY `craft_userpermissions_users_userId_fk` (`userId`)
) ENGINE=InnoDB DEFAULT CHARSET=utf8 COLLATE=utf8_unicode_ci;

DROP TABLE IF EXISTS `craft_users`;


--
-- Schema for table `craft_users`
--
CREATE TABLE `craft_users` (
  `id` int(11) NOT NULL,
  `username` varchar(100) COLLATE utf8_unicode_ci NOT NULL,
  `photo` varchar(100) COLLATE utf8_unicode_ci DEFAULT NULL,
  `firstName` varchar(100) COLLATE utf8_unicode_ci DEFAULT NULL,
  `lastName` varchar(100) COLLATE utf8_unicode_ci DEFAULT NULL,
  `email` varchar(255) COLLATE utf8_unicode_ci NOT NULL,
  `password` char(255) COLLATE utf8_unicode_ci DEFAULT NULL,
  `preferredLocale` char(12) COLLATE utf8_unicode_ci DEFAULT NULL,
  `weekStartDay` tinyint(1) unsigned NOT NULL DEFAULT '0',
  `admin` tinyint(1) unsigned NOT NULL DEFAULT '0',
  `client` tinyint(1) unsigned NOT NULL DEFAULT '0',
  `locked` tinyint(1) unsigned NOT NULL DEFAULT '0',
  `suspended` tinyint(1) unsigned NOT NULL DEFAULT '0',
  `pending` tinyint(1) unsigned NOT NULL DEFAULT '0',
  `archived` tinyint(1) unsigned NOT NULL DEFAULT '0',
  `lastLoginDate` datetime DEFAULT NULL,
  `lastLoginAttemptIPAddress` varchar(45) COLLATE utf8_unicode_ci DEFAULT NULL,
  `invalidLoginWindowStart` datetime DEFAULT NULL,
  `invalidLoginCount` tinyint(4) unsigned DEFAULT NULL,
  `lastInvalidLoginDate` datetime DEFAULT NULL,
  `lockoutDate` datetime DEFAULT NULL,
  `verificationCode` char(100) COLLATE utf8_unicode_ci DEFAULT NULL,
  `verificationCodeIssuedDate` datetime DEFAULT NULL,
  `unverifiedEmail` varchar(255) COLLATE utf8_unicode_ci DEFAULT NULL,
  `passwordResetRequired` tinyint(1) unsigned NOT NULL DEFAULT '0',
  `lastPasswordChangeDate` datetime DEFAULT NULL,
  `dateCreated` datetime NOT NULL,
  `dateUpdated` datetime NOT NULL,
  `uid` char(36) COLLATE utf8_unicode_ci NOT NULL DEFAULT '0',
  PRIMARY KEY (`id`),
  UNIQUE KEY `craft_users_username_unq_idx` (`username`),
  UNIQUE KEY `craft_users_email_unq_idx` (`email`),
  KEY `craft_users_verificationCode_idx` (`verificationCode`),
  KEY `craft_users_uid_idx` (`uid`),
  KEY `craft_users_preferredLocale_fk` (`preferredLocale`)
) ENGINE=InnoDB DEFAULT CHARSET=utf8 COLLATE=utf8_unicode_ci;

--
-- Data for table `craft_users`
--

INSERT INTO `craft_users` (`id`, `username`, `photo`, `firstName`, `lastName`, `email`, `password`, `preferredLocale`, `weekStartDay`, `admin`, `client`, `locked`, `suspended`, `pending`, `archived`, `lastLoginDate`, `lastLoginAttemptIPAddress`, `invalidLoginWindowStart`, `invalidLoginCount`, `lastInvalidLoginDate`, `lockoutDate`, `verificationCode`, `verificationCodeIssuedDate`, `unverifiedEmail`, `passwordResetRequired`, `lastPasswordChangeDate`, `dateCreated`, `dateUpdated`, `uid`) VALUES
 ('1', 'ideabase', NULL, NULL, NULL, 'challahan@ideabasekent.com', '$2y$13$I.ioPTUaQ8sFb2M3YhMlpen3lQ5k.PaJ4c8nMzmuIU5z0BOypaady', NULL, '0', '1', '0', '0', '0', '0', '0', '2018-04-10 01:51:17', '::1', NULL, NULL, NULL, NULL, NULL, NULL, NULL, '0', '2018-01-10 21:34:41', '2018-01-10 21:34:41', '2018-04-10 01:51:17', 'b0826b05-7349-4c2f-9a69-2582de985c16');



DROP TABLE IF EXISTS `craft_widgets`;


--
-- Schema for table `craft_widgets`
--
CREATE TABLE `craft_widgets` (
  `id` int(11) NOT NULL AUTO_INCREMENT,
  `userId` int(11) NOT NULL,
  `type` varchar(150) COLLATE utf8_unicode_ci NOT NULL,
  `sortOrder` smallint(6) unsigned DEFAULT NULL,
  `colspan` tinyint(4) unsigned DEFAULT NULL,
  `settings` text COLLATE utf8_unicode_ci,
  `enabled` tinyint(1) unsigned NOT NULL DEFAULT '1',
  `dateCreated` datetime NOT NULL,
  `dateUpdated` datetime NOT NULL,
  `uid` char(36) COLLATE utf8_unicode_ci NOT NULL DEFAULT '0',
  PRIMARY KEY (`id`),
  KEY `craft_widgets_userId_fk` (`userId`)
) ENGINE=InnoDB AUTO_INCREMENT=5 DEFAULT CHARSET=utf8 COLLATE=utf8_unicode_ci;

--
-- Data for table `craft_widgets`
--

INSERT INTO `craft_widgets` (`id`, `userId`, `type`, `sortOrder`, `colspan`, `settings`, `enabled`, `dateCreated`, `dateUpdated`, `uid`) VALUES
 ('1', '1', 'RecentEntries', '1', NULL, NULL, '1', '2018-01-10 21:34:45', '2018-01-10 21:34:45', '7632a8c6-5ed3-423c-94a0-76718e2412bf'),
 ('2', '1', 'GetHelp', '2', NULL, NULL, '1', '2018-01-10 21:34:45', '2018-01-10 21:34:45', '3b785fa5-311c-4d4b-b88c-bbde60e99a89'),
 ('3', '1', 'Updates', '3', NULL, NULL, '1', '2018-01-10 21:34:45', '2018-01-10 21:34:45', '31bc16ad-4864-4bfe-813e-b3cabf0fb8df'),
 ('4', '1', 'Feed', '4', NULL, '{\"url\":\"https:\\/\\/craftcms.com\\/news.rss\",\"title\":\"Craft News\"}', '1', '2018-01-10 21:34:45', '2018-01-10 21:34:45', '61997413-9444-4ede-8585-e38af463c500');


--
-- Constraints for tables
--


--
-- Constraints for table `craft_assetfiles`
--
ALTER TABLE `craft_assetfiles`
	ADD CONSTRAINT `craft_assetfiles_folderId_fk` FOREIGN KEY (`folderId`) REFERENCES `craft_assetfolders` (`id`) ON DELETE CASCADE,
	ADD CONSTRAINT `craft_assetfiles_id_fk` FOREIGN KEY (`id`) REFERENCES `craft_elements` (`id`) ON DELETE CASCADE,
	ADD CONSTRAINT `craft_assetfiles_sourceId_fk` FOREIGN KEY (`sourceId`) REFERENCES `craft_assetsources` (`id`) ON DELETE CASCADE;

--
-- Constraints for table `craft_assetfolders`
--
ALTER TABLE `craft_assetfolders`
	ADD CONSTRAINT `craft_assetfolders_parentId_fk` FOREIGN KEY (`parentId`) REFERENCES `craft_assetfolders` (`id`) ON DELETE CASCADE,
	ADD CONSTRAINT `craft_assetfolders_sourceId_fk` FOREIGN KEY (`sourceId`) REFERENCES `craft_assetsources` (`id`) ON DELETE CASCADE;

--
-- Constraints for table `craft_assetindexdata`
--
ALTER TABLE `craft_assetindexdata`
	ADD CONSTRAINT `craft_assetindexdata_sourceId_fk` FOREIGN KEY (`sourceId`) REFERENCES `craft_assetsources` (`id`) ON DELETE CASCADE;

--
-- Constraints for table `craft_assetsources`
--
ALTER TABLE `craft_assetsources`
	ADD CONSTRAINT `craft_assetsources_fieldLayoutId_fk` FOREIGN KEY (`fieldLayoutId`) REFERENCES `craft_fieldlayouts` (`id`) ON DELETE SET NULL;

--
-- Constraints for table `craft_categories`
--
ALTER TABLE `craft_categories`
	ADD CONSTRAINT `craft_categories_groupId_fk` FOREIGN KEY (`groupId`) REFERENCES `craft_categorygroups` (`id`) ON DELETE CASCADE,
	ADD CONSTRAINT `craft_categories_id_fk` FOREIGN KEY (`id`) REFERENCES `craft_elements` (`id`) ON DELETE CASCADE;

--
-- Constraints for table `craft_categorygroups`
--
ALTER TABLE `craft_categorygroups`
	ADD CONSTRAINT `craft_categorygroups_fieldLayoutId_fk` FOREIGN KEY (`fieldLayoutId`) REFERENCES `craft_fieldlayouts` (`id`) ON DELETE SET NULL,
	ADD CONSTRAINT `craft_categorygroups_structureId_fk` FOREIGN KEY (`structureId`) REFERENCES `craft_structures` (`id`) ON DELETE CASCADE;

--
-- Constraints for table `craft_categorygroups_i18n`
--
ALTER TABLE `craft_categorygroups_i18n`
	ADD CONSTRAINT `craft_categorygroups_i18n_groupId_fk` FOREIGN KEY (`groupId`) REFERENCES `craft_categorygroups` (`id`) ON DELETE CASCADE,
	ADD CONSTRAINT `craft_categorygroups_i18n_locale_fk` FOREIGN KEY (`locale`) REFERENCES `craft_locales` (`locale`) ON DELETE CASCADE ON UPDATE CASCADE;

--
-- Constraints for table `craft_content`
--
ALTER TABLE `craft_content`
	ADD CONSTRAINT `craft_content_elementId_fk` FOREIGN KEY (`elementId`) REFERENCES `craft_elements` (`id`) ON DELETE CASCADE,
	ADD CONSTRAINT `craft_content_locale_fk` FOREIGN KEY (`locale`) REFERENCES `craft_locales` (`locale`) ON DELETE CASCADE ON UPDATE CASCADE;

--
-- Constraints for table `craft_elements_i18n`
--
ALTER TABLE `craft_elements_i18n`
	ADD CONSTRAINT `craft_elements_i18n_elementId_fk` FOREIGN KEY (`elementId`) REFERENCES `craft_elements` (`id`) ON DELETE CASCADE,
	ADD CONSTRAINT `craft_elements_i18n_locale_fk` FOREIGN KEY (`locale`) REFERENCES `craft_locales` (`locale`) ON DELETE CASCADE ON UPDATE CASCADE;

--
-- Constraints for table `craft_emailmessages`
--
ALTER TABLE `craft_emailmessages`
	ADD CONSTRAINT `craft_emailmessages_locale_fk` FOREIGN KEY (`locale`) REFERENCES `craft_locales` (`locale`) ON DELETE CASCADE ON UPDATE CASCADE;

--
-- Constraints for table `craft_entries`
--
ALTER TABLE `craft_entries`
	ADD CONSTRAINT `craft_entries_authorId_fk` FOREIGN KEY (`authorId`) REFERENCES `craft_users` (`id`) ON DELETE CASCADE,
	ADD CONSTRAINT `craft_entries_id_fk` FOREIGN KEY (`id`) REFERENCES `craft_elements` (`id`) ON DELETE CASCADE,
	ADD CONSTRAINT `craft_entries_sectionId_fk` FOREIGN KEY (`sectionId`) REFERENCES `craft_sections` (`id`) ON DELETE CASCADE,
	ADD CONSTRAINT `craft_entries_typeId_fk` FOREIGN KEY (`typeId`) REFERENCES `craft_entrytypes` (`id`) ON DELETE CASCADE;

--
-- Constraints for table `craft_entrydrafts`
--
ALTER TABLE `craft_entrydrafts`
	ADD CONSTRAINT `craft_entrydrafts_creatorId_fk` FOREIGN KEY (`creatorId`) REFERENCES `craft_users` (`id`) ON DELETE CASCADE,
	ADD CONSTRAINT `craft_entrydrafts_entryId_fk` FOREIGN KEY (`entryId`) REFERENCES `craft_entries` (`id`) ON DELETE CASCADE,
	ADD CONSTRAINT `craft_entrydrafts_locale_fk` FOREIGN KEY (`locale`) REFERENCES `craft_locales` (`locale`) ON DELETE CASCADE ON UPDATE CASCADE,
	ADD CONSTRAINT `craft_entrydrafts_sectionId_fk` FOREIGN KEY (`sectionId`) REFERENCES `craft_sections` (`id`) ON DELETE CASCADE;

--
-- Constraints for table `craft_entrytypes`
--
ALTER TABLE `craft_entrytypes`
	ADD CONSTRAINT `craft_entrytypes_fieldLayoutId_fk` FOREIGN KEY (`fieldLayoutId`) REFERENCES `craft_fieldlayouts` (`id`) ON DELETE SET NULL,
	ADD CONSTRAINT `craft_entrytypes_sectionId_fk` FOREIGN KEY (`sectionId`) REFERENCES `craft_sections` (`id`) ON DELETE CASCADE;

--
-- Constraints for table `craft_entryversions`
--
ALTER TABLE `craft_entryversions`
	ADD CONSTRAINT `craft_entryversions_creatorId_fk` FOREIGN KEY (`creatorId`) REFERENCES `craft_users` (`id`) ON DELETE SET NULL,
	ADD CONSTRAINT `craft_entryversions_entryId_fk` FOREIGN KEY (`entryId`) REFERENCES `craft_entries` (`id`) ON DELETE CASCADE,
	ADD CONSTRAINT `craft_entryversions_locale_fk` FOREIGN KEY (`locale`) REFERENCES `craft_locales` (`locale`) ON DELETE CASCADE ON UPDATE CASCADE,
	ADD CONSTRAINT `craft_entryversions_sectionId_fk` FOREIGN KEY (`sectionId`) REFERENCES `craft_sections` (`id`) ON DELETE CASCADE;

--
-- Constraints for table `craft_fieldlayoutfields`
--
ALTER TABLE `craft_fieldlayoutfields`
	ADD CONSTRAINT `craft_fieldlayoutfields_fieldId_fk` FOREIGN KEY (`fieldId`) REFERENCES `craft_fields` (`id`) ON DELETE CASCADE,
	ADD CONSTRAINT `craft_fieldlayoutfields_layoutId_fk` FOREIGN KEY (`layoutId`) REFERENCES `craft_fieldlayouts` (`id`) ON DELETE CASCADE,
	ADD CONSTRAINT `craft_fieldlayoutfields_tabId_fk` FOREIGN KEY (`tabId`) REFERENCES `craft_fieldlayouttabs` (`id`) ON DELETE CASCADE;

--
-- Constraints for table `craft_fieldlayouttabs`
--
ALTER TABLE `craft_fieldlayouttabs`
	ADD CONSTRAINT `craft_fieldlayouttabs_layoutId_fk` FOREIGN KEY (`layoutId`) REFERENCES `craft_fieldlayouts` (`id`) ON DELETE CASCADE;

--
-- Constraints for table `craft_fields`
--
ALTER TABLE `craft_fields`
	ADD CONSTRAINT `craft_fields_groupId_fk` FOREIGN KEY (`groupId`) REFERENCES `craft_fieldgroups` (`id`) ON DELETE CASCADE;

--
-- Constraints for table `craft_globalsets`
--
ALTER TABLE `craft_globalsets`
	ADD CONSTRAINT `craft_globalsets_fieldLayoutId_fk` FOREIGN KEY (`fieldLayoutId`) REFERENCES `craft_fieldlayouts` (`id`) ON DELETE SET NULL,
	ADD CONSTRAINT `craft_globalsets_id_fk` FOREIGN KEY (`id`) REFERENCES `craft_elements` (`id`) ON DELETE CASCADE;

--
-- Constraints for table `craft_matrixblocks`
--
ALTER TABLE `craft_matrixblocks`
	ADD CONSTRAINT `craft_matrixblocks_fieldId_fk` FOREIGN KEY (`fieldId`) REFERENCES `craft_fields` (`id`) ON DELETE CASCADE,
	ADD CONSTRAINT `craft_matrixblocks_id_fk` FOREIGN KEY (`id`) REFERENCES `craft_elements` (`id`) ON DELETE CASCADE,
	ADD CONSTRAINT `craft_matrixblocks_ownerId_fk` FOREIGN KEY (`ownerId`) REFERENCES `craft_elements` (`id`) ON DELETE CASCADE,
	ADD CONSTRAINT `craft_matrixblocks_ownerLocale_fk` FOREIGN KEY (`ownerLocale`) REFERENCES `craft_locales` (`locale`) ON DELETE CASCADE ON UPDATE CASCADE,
	ADD CONSTRAINT `craft_matrixblocks_typeId_fk` FOREIGN KEY (`typeId`) REFERENCES `craft_matrixblocktypes` (`id`) ON DELETE CASCADE;

--
-- Constraints for table `craft_matrixblocktypes`
--
ALTER TABLE `craft_matrixblocktypes`
	ADD CONSTRAINT `craft_matrixblocktypes_fieldId_fk` FOREIGN KEY (`fieldId`) REFERENCES `craft_fields` (`id`) ON DELETE CASCADE,
	ADD CONSTRAINT `craft_matrixblocktypes_fieldLayoutId_fk` FOREIGN KEY (`fieldLayoutId`) REFERENCES `craft_fieldlayouts` (`id`) ON DELETE SET NULL;

--
-- Constraints for table `craft_matrixcontent_socialmedia`
--
ALTER TABLE `craft_matrixcontent_socialmedia`
	ADD CONSTRAINT `craft_matrixcontent_socialmedia_elementId_fk` FOREIGN KEY (`elementId`) REFERENCES `craft_elements` (`id`) ON DELETE CASCADE,
	ADD CONSTRAINT `craft_matrixcontent_socialmedia_locale_fk` FOREIGN KEY (`locale`) REFERENCES `craft_locales` (`locale`) ON DELETE CASCADE ON UPDATE CASCADE;

--
-- Constraints for table `craft_migrations`
--
ALTER TABLE `craft_migrations`
	ADD CONSTRAINT `craft_migrations_pluginId_fk` FOREIGN KEY (`pluginId`) REFERENCES `craft_plugins` (`id`) ON DELETE CASCADE;

--
-- Constraints for table `craft_relations`
--
ALTER TABLE `craft_relations`
	ADD CONSTRAINT `craft_relations_fieldId_fk` FOREIGN KEY (`fieldId`) REFERENCES `craft_fields` (`id`) ON DELETE CASCADE,
	ADD CONSTRAINT `craft_relations_sourceId_fk` FOREIGN KEY (`sourceId`) REFERENCES `craft_elements` (`id`) ON DELETE CASCADE,
	ADD CONSTRAINT `craft_relations_sourceLocale_fk` FOREIGN KEY (`sourceLocale`) REFERENCES `craft_locales` (`locale`) ON DELETE CASCADE ON UPDATE CASCADE,
	ADD CONSTRAINT `craft_relations_targetId_fk` FOREIGN KEY (`targetId`) REFERENCES `craft_elements` (`id`) ON DELETE CASCADE;

--
-- Constraints for table `craft_routes`
--
ALTER TABLE `craft_routes`
	ADD CONSTRAINT `craft_routes_locale_fk` FOREIGN KEY (`locale`) REFERENCES `craft_locales` (`locale`) ON DELETE CASCADE ON UPDATE CASCADE;

--
-- Constraints for table `craft_sections`
--
ALTER TABLE `craft_sections`
	ADD CONSTRAINT `craft_sections_structureId_fk` FOREIGN KEY (`structureId`) REFERENCES `craft_structures` (`id`) ON DELETE SET NULL;

--
-- Constraints for table `craft_sections_i18n`
--
ALTER TABLE `craft_sections_i18n`
	ADD CONSTRAINT `craft_sections_i18n_locale_fk` FOREIGN KEY (`locale`) REFERENCES `craft_locales` (`locale`) ON DELETE CASCADE ON UPDATE CASCADE,
	ADD CONSTRAINT `craft_sections_i18n_sectionId_fk` FOREIGN KEY (`sectionId`) REFERENCES `craft_sections` (`id`) ON DELETE CASCADE;

--
-- Constraints for table `craft_seomatic_meta`
--
ALTER TABLE `craft_seomatic_meta`
	ADD CONSTRAINT `craft_seomatic_meta_id_fk` FOREIGN KEY (`id`) REFERENCES `craft_elements` (`id`) ON DELETE CASCADE,
	ADD CONSTRAINT `craft_seomatic_meta_seoFacebookImageId_fk` FOREIGN KEY (`seoFacebookImageId`) REFERENCES `craft_assetfiles` (`id`) ON DELETE SET NULL,
	ADD CONSTRAINT `craft_seomatic_meta_seoImageId_fk` FOREIGN KEY (`seoImageId`) REFERENCES `craft_assetfiles` (`id`) ON DELETE SET NULL,
	ADD CONSTRAINT `craft_seomatic_meta_seoTwitterImageId_fk` FOREIGN KEY (`seoTwitterImageId`) REFERENCES `craft_assetfiles` (`id`) ON DELETE SET NULL;

--
-- Constraints for table `craft_seomatic_settings`
--
ALTER TABLE `craft_seomatic_settings`
	ADD CONSTRAINT `craft_seomatic_settings_genericCreatorImageId_fk` FOREIGN KEY (`genericCreatorImageId`) REFERENCES `craft_assetfiles` (`id`) ON DELETE SET NULL,
	ADD CONSTRAINT `craft_seomatic_settings_genericOwnerImageId_fk` FOREIGN KEY (`genericOwnerImageId`) REFERENCES `craft_assetfiles` (`id`) ON DELETE SET NULL,
	ADD CONSTRAINT `craft_seomatic_settings_siteSeoFacebookImageId_fk` FOREIGN KEY (`siteSeoFacebookImageId`) REFERENCES `craft_assetfiles` (`id`) ON DELETE SET NULL,
	ADD CONSTRAINT `craft_seomatic_settings_siteSeoImageId_fk` FOREIGN KEY (`siteSeoImageId`) REFERENCES `craft_assetfiles` (`id`) ON DELETE SET NULL,
	ADD CONSTRAINT `craft_seomatic_settings_siteSeoTwitterImageId_fk` FOREIGN KEY (`siteSeoTwitterImageId`) REFERENCES `craft_assetfiles` (`id`) ON DELETE SET NULL;

--
-- Constraints for table `craft_sessions`
--
ALTER TABLE `craft_sessions`
	ADD CONSTRAINT `craft_sessions_userId_fk` FOREIGN KEY (`userId`) REFERENCES `craft_users` (`id`) ON DELETE CASCADE;

--
-- Constraints for table `craft_shunnedmessages`
--
ALTER TABLE `craft_shunnedmessages`
	ADD CONSTRAINT `craft_shunnedmessages_userId_fk` FOREIGN KEY (`userId`) REFERENCES `craft_users` (`id`) ON DELETE CASCADE;

--
-- Constraints for table `craft_structureelements`
--
ALTER TABLE `craft_structureelements`
	ADD CONSTRAINT `craft_structureelements_elementId_fk` FOREIGN KEY (`elementId`) REFERENCES `craft_elements` (`id`) ON DELETE CASCADE,
	ADD CONSTRAINT `craft_structureelements_structureId_fk` FOREIGN KEY (`structureId`) REFERENCES `craft_structures` (`id`) ON DELETE CASCADE;

--
-- Constraints for table `craft_taggroups`
--
ALTER TABLE `craft_taggroups`
	ADD CONSTRAINT `craft_taggroups_fieldLayoutId_fk` FOREIGN KEY (`fieldLayoutId`) REFERENCES `craft_fieldlayouts` (`id`) ON DELETE SET NULL;

--
-- Constraints for table `craft_tags`
--
ALTER TABLE `craft_tags`
	ADD CONSTRAINT `craft_tags_groupId_fk` FOREIGN KEY (`groupId`) REFERENCES `craft_taggroups` (`id`) ON DELETE CASCADE,
	ADD CONSTRAINT `craft_tags_id_fk` FOREIGN KEY (`id`) REFERENCES `craft_elements` (`id`) ON DELETE CASCADE;

--
-- Constraints for table `craft_templatecachecriteria`
--
ALTER TABLE `craft_templatecachecriteria`
	ADD CONSTRAINT `craft_templatecachecriteria_cacheId_fk` FOREIGN KEY (`cacheId`) REFERENCES `craft_templatecaches` (`id`) ON DELETE CASCADE;

--
-- Constraints for table `craft_templatecacheelements`
--
ALTER TABLE `craft_templatecacheelements`
	ADD CONSTRAINT `craft_templatecacheelements_cacheId_fk` FOREIGN KEY (`cacheId`) REFERENCES `craft_templatecaches` (`id`) ON DELETE CASCADE,
	ADD CONSTRAINT `craft_templatecacheelements_elementId_fk` FOREIGN KEY (`elementId`) REFERENCES `craft_elements` (`id`) ON DELETE CASCADE;

--
-- Constraints for table `craft_templatecaches`
--
ALTER TABLE `craft_templatecaches`
	ADD CONSTRAINT `craft_templatecaches_locale_fk` FOREIGN KEY (`locale`) REFERENCES `craft_locales` (`locale`) ON DELETE CASCADE ON UPDATE CASCADE;

--
-- Constraints for table `craft_usergroups_users`
--
ALTER TABLE `craft_usergroups_users`
	ADD CONSTRAINT `craft_usergroups_users_groupId_fk` FOREIGN KEY (`groupId`) REFERENCES `craft_usergroups` (`id`) ON DELETE CASCADE,
	ADD CONSTRAINT `craft_usergroups_users_userId_fk` FOREIGN KEY (`userId`) REFERENCES `craft_users` (`id`) ON DELETE CASCADE;

--
-- Constraints for table `craft_userpermissions_usergroups`
--
ALTER TABLE `craft_userpermissions_usergroups`
	ADD CONSTRAINT `craft_userpermissions_usergroups_groupId_fk` FOREIGN KEY (`groupId`) REFERENCES `craft_usergroups` (`id`) ON DELETE CASCADE,
	ADD CONSTRAINT `craft_userpermissions_usergroups_permissionId_fk` FOREIGN KEY (`permissionId`) REFERENCES `craft_userpermissions` (`id`) ON DELETE CASCADE;

--
-- Constraints for table `craft_userpermissions_users`
--
ALTER TABLE `craft_userpermissions_users`
	ADD CONSTRAINT `craft_userpermissions_users_permissionId_fk` FOREIGN KEY (`permissionId`) REFERENCES `craft_userpermissions` (`id`) ON DELETE CASCADE,
	ADD CONSTRAINT `craft_userpermissions_users_userId_fk` FOREIGN KEY (`userId`) REFERENCES `craft_users` (`id`) ON DELETE CASCADE;

--
-- Constraints for table `craft_users`
--
ALTER TABLE `craft_users`
	ADD CONSTRAINT `craft_users_id_fk` FOREIGN KEY (`id`) REFERENCES `craft_elements` (`id`) ON DELETE CASCADE,
	ADD CONSTRAINT `craft_users_preferredLocale_fk` FOREIGN KEY (`preferredLocale`) REFERENCES `craft_locales` (`locale`) ON DELETE SET NULL ON UPDATE CASCADE;

--
-- Constraints for table `craft_widgets`
--
ALTER TABLE `craft_widgets`
	ADD CONSTRAINT `craft_widgets_userId_fk` FOREIGN KEY (`userId`) REFERENCES `craft_users` (`id`) ON DELETE CASCADE;

SET FOREIGN_KEY_CHECKS = 1;
